Column1,ind,vi,en,lesson
0,0,rộn ràng,"boisterous, boisterously, bustling",47
1,1,nồng nàn,"passionate, passionately",41
2,2,hân hoan,"joyful, glad",34
3,3,chứa chan,"suffusive, effusive",24
4,4,lưỡng lự,hesitate,71
5,5,nặng nề,heavy,42
6,6,tha thứ,forgive,53
7,7,lặng lẽ,"silent, silently",38
8,8,vẻ vang,glorious,80
9,9,bụ bẫm,chubby,21
10,10,khó khăn,difficulty,35
11,11,tự tin,confident,55
12,12,đông đúc,crowded,30
13,13,lang thang,wander,50
14,14,đanh đá,shrewish,27
15,15,bóc lịch,"go to jail, jailed",63
16,16,cửa,"door, the door, doors",6
17,17,ăn cháo đá bát,ungrateful,63
18,18,cứng đầu,"opinionated, stubborn",27
19,19,qua đời,passed away,30
20,20,thức trắng đêm,stay up all night,56
21,21,nhận gạch,receive heavy criticism,73
22,22,cắt cổ,exorbitant,26
23,23,tây ba lô,Western backpacker,77
24,24,dở hơi,screwball,34
25,25,viêm màng túi,"broke, in the red",40
26,26,cơm bụi,working-class meal,65
27,27,bẩn tính,mean,55
28,28,làm ăn,"to do business, do business",20
29,29,chặt chém,overcharge,65
30,30,bó tay,"give up, gives up",49
31,31,trúng gió,be sick,32
32,32,run lập cập,"shiver, shivers, shivering",38
33,33,lơ lửng,float,39
34,34,ngẩn ngơ,astounded,43
35,35,mệt mỏi,tired,41
36,36,lo lắng,worry,38
37,37,vui vẻ,happy,58
38,38,dang dở,"fruitless, unfinished",29
39,39,gan góc,"fearless, undaunted",32
40,40,dửng dưng,unconcerned,31
41,41,vớ vẩn,"nonsensical, nonsense, absurd",58
42,42,bụi bặm,dusty,21
43,43,dụ dỗ,"lure, entice, seduce",29
44,44,chín chắn,mature,24
45,45,dõng dạc,"sedately, sedate, loud and clear",67
46,46,bưng bít,suppress,60
47,47,chen chúc,jostle,25
48,48,cằn nhằn,"grumble, grumbles",43
49,49,bừa bãi,untidy,21
50,50,bảnh bao,"chic, dapper, well-dressed",22
51,51,cộc cằn,rude,24
52,52,bực bội,displeased,23
53,53,dịu dàng,"sweet, tender, tenderly",27
54,54,dễ dàng,"easy, easily",27
55,55,che chở,"protect, defend, protects",65
56,56,gắt gỏng,"grumble, irascible, scold (someone)",33
57,57,gặp gỡ,"meet, meeting",67
58,58,béo bở,lucrative,23
59,59,chiều chuộng,"pamper, pampered, pampers",25
60,60,lạnh lùng,"cold, glacial",39
61,61,lung linh,sparkling,71
62,62,nhanh nhẹn,agile,73
63,63,chậm chạp,slowly,64
64,64,ăn năn,repent,41
65,65,chuyến,"trip, (classifier), the",65
66,66,nền,floor,9
67,67,căn,(classifier),5
68,68,hòn,(classifier),7
69,69,cuộc,the,66
70,70,huyền bí,"paranormal, mysterious",22
71,71,cúng,to make offerings,13
72,72,số phận,destiny,44
73,73,kiếp,"incarnation, life",70
74,74,lá bùa,"charm, amulet",70
75,75,tử vi,"astrology, astrology guide",20
76,76,thầy bói,"fortune-teller, diviner",23
77,77,thiên thần,angel,50
78,78,lời nguyền,curse,43
79,79,địa ngục,hell,66
80,80,mê tín,superstitious,55
81,81,thiên đường,heaven,31
82,82,phép thuật,magic,74
83,83,ma,ghost,3
84,84,ám,"haunted, possess, haunt",63
85,85,linh hồn,soul,35
86,86,không quân,air force,46
87,87,tên lửa,missile,39
88,88,hạt nhân,nuclear,43
89,89,phòng thủ,defend,53
90,90,thiết giáp,armored,32
91,91,xe,"car, cars, bikes",82
92,92,cố thủ,stand one's ground,53
93,93,tiểu đoàn,battalion,29
94,94,tàu chiến,warship,25
95,95,chống,against,18
96,96,huy động,mobilize,30
97,97,vũ trang,(to) arm,56
98,98,trận chiến,battle,25
99,99,trực thăng,helicopter,50
100,100,phục kích,ambush,75
101,101,chiến thắng,victory,50
102,102,đổ bộ,land,23
103,103,du kích,guerrilla,61
104,104,nhắm,"aim, take aim",16
105,105,súng,gun,17
106,106,đạn,bullet,6
107,107,lực lượng,force,40
108,108,quân phục,"military uniform, uniform",46
109,109,vũ khí,weapon,36
110,110,tù binh,prisoner,23
111,111,chiến thuật,strategy,65
112,112,tuyên chiến,declare war,25
113,113,quân sự,military,48
114,114,lính,soldier,14
115,115,căn cứ,base,26
116,116,chỉ huy,"captain, commander, command",65
117,117,doanh trại,barrack,56
118,118,tấn công,attack,26
119,119,hình phạt,punishment,45
120,120,trình độ,level,29
121,121,bản án,"verdict, sentence",20
122,122,lương tâm,conscience,49
123,123,đạo đức,morality,30
124,124,đề tài,"subject, theme",49
125,125,nguồn gốc,source,32
126,126,trời,"it, the weather, it's",17
127,127,sức mạnh,strength,40
128,128,câu chuyện,story,25
129,129,hệ quả,"consequence, consequences",46
130,130,kỹ năng,skill,41
131,131,lý do,reason,29
132,132,quá khứ,past,75
133,133,nền tảng,foundation,49
134,134,tầm nhìn,vision,76
135,135,yếu tố,"element, factor",82
136,136,ứng dụng,application,31
137,137,người tị nạn,refugee,72
138,138,bắt giam,"imprisons, imprison, imprisoned",32
139,139,đảng,party,13
140,140,cộng hoà,"republic, republican",34
141,141,đe doạ,threaten,66
142,142,tuyên truyền,"propagandize, propagandizing",80
143,143,chống lại,"against, to be against",38
144,144,nổi dậy,"revolt, rebel, revolting",28
145,145,dân chủ,"democratic, democracy",25
146,146,thống nhất,"unified, unify",78
147,147,thuộc địa,"colonies, colony, colonial",28
148,148,bất bình đẳng,inequality,23
149,149,giai cấp,class,24
150,150,công lý,justice,40
151,151,bóc lột,"exploitation, exploited, exploit",63
152,152,xâm lược,invade,40
153,153,di tản,evacuate,66
154,154,cách mạng,revolution,40
155,155,chiến đấu,fight,27
156,156,dân thường,"civilian, civilians",54
157,157,chết,"die, dead, dying",65
158,158,chủ nghĩa,ideology,42
159,159,tư bản,capitalist,21
160,160,tàn phá,devastate,44
161,161,nội chiến,civil war,25
162,162,người chiến thắng,winner,25
163,163,biểu tình,protest,55
164,164,đập vỡ,"smashes, break, smash",59
165,165,duy trì,maintain,56
166,166,đánh giá thấp,underestimate,31
167,167,trang bị,equip,22
168,168,sử dụng,"using, use, uses",31
169,169,hình thành,form,50
170,170,buộc,force,60
171,171,đầu hàng,surrender,66
172,172,ràng buộc,constrain,75
173,173,dự đoán,predict,29
174,174,mất,lose,8
175,175,núp,hide,74
176,176,phát huy,uphold,74
177,177,biến mất,disappear,40
178,178,chạy trốn,"run away, flee",65
179,179,điều tra,investigate,61
180,180,tuyên bố,declare,23
181,181,nhấc,lift,15
182,182,bao gồm,include,33
183,183,lên,"ups, make, up",70
184,184,sụp đổ,collapse,29
185,185,cầu nguyện,pray,43
186,186,hoãn,postpone,68
187,187,trồng,"grow, planting, growing",20
188,188,giết,"kill, killing, kills",67
189,189,quên,forget,16
190,190,chấp nhận,accept,43
191,191,rửa,wash,10
192,192,nhớ,remember,9
193,193,quản lý,manage,40
194,194,cải thiện,improve,52
195,195,di trú,immigrate,57
196,196,giải quyết,solve,47
197,197,thuộc về,belong,58
198,198,nhắc đến,mention,28
199,199,thờ,worship,11
200,200,tổ tiên,"ancestry, ancestor, ancestors",79
201,201,lễ hội,festival,34
202,202,đạo phật,Buddhism,45
203,203,đạo khổng,Confucianism,36
204,204,vịnh bắc bộ,gulf of Tonkin,81
205,205,trống đồng,bronze drum,30
206,206,truyện kiều,tale of Kieu,37
207,207,phong kiến,feudal,37
208,208,múa rối nước,water puppetry,72
209,209,thần thoại,mythology,52
210,210,nền văn minh,"civilization, civilizations",58
211,211,trầu,betel,17
212,212,truyền thuyết,"legend, legends",80
213,213,triều đại,dynasty,27
214,214,di sản,heritage,47
215,215,tết,Tet,77
216,216,lì xì,lucky money,19
217,217,áo dài,ao dai,27
218,218,huế,Hue,68
219,219,hà nội,Hanoi,44
220,220,phong tục,custom,57
221,221,nón lá,conical hat,37
222,222,sài gòn,Saigon,33
223,223,vững chắc,solid,81
224,224,rõ ràng,clear,47
225,225,vinh quang,glorious,46
226,226,lạ,strange,2
227,227,nghiêm trọng,serious,72
228,228,say,drunk,10
229,229,vô nghĩa,meaningless,42
230,230,dễ thương,cute,54
231,231,tự hào,proud,33
232,232,thật là,"really, what",37
233,233,ngu ngốc,stupid,72
234,234,tuyệt vời,wonderful,59
235,235,đáng nể,admirable,42
236,236,tuyệt đối,absolute,30
237,237,ghen tị,jealous,62
238,238,cô đơn,"lonely, alone, lonesome",30
239,239,mồ côi,orphan,71
240,240,xinh,pretty,82
241,241,giận dữ,angry,31
242,242,xa,far,82
243,243,rộng,"wide, large, (is) big",16
244,244,chính,"main, major",18
245,245,ổn định,stable,29
246,246,tối thiểu,minimum,52
247,247,chính thức,official,54
248,248,tối đa,maximum,27
249,249,nổi bật,"outstanding, remarkable",22
250,250,ngoan,obedient,19
251,251,bất thường,unusual,54
252,252,sao hải vương,Neptune,33
253,253,kính viễn vọng,telescope,59
254,254,tàu vũ trụ,spaceship,59
255,255,sao diêm vương,Pluto,28
256,256,thiên thạch,meteorite,50
257,257,sao thiên vương,Uranus,52
258,258,năm ánh sáng,light-year,21
259,259,sao thổ,Saturn,52
260,260,vệ tinh,satellite,55
261,261,sao mộc,Jupiter,41
262,262,sao hoả,Mars,34
263,263,sao thuỷ,Mercury,76
264,264,sao kim,Venus,76
265,265,hệ mặt trời,Solar System,40
266,266,thiên văn học,astronomy,58
267,267,thiên hà,galaxy,77
268,268,vũ trụ,universe,57
269,269,tập đoàn,corporation,29
270,270,quỹ,fund,75
271,271,phá sản,bankrupt,47
272,272,giám đốc,director,62
273,273,trốn thuế,evade tax,79
274,274,séc,"check, cheque",76
275,275,giá,"is, the price, price",62
276,276,cuộc họp,meeting,35
277,277,cuộc phỏng vấn,interview,45
278,278,tỷ giá,exchange rate,31
279,279,tổ chức,organization,25
280,280,đa quốc gia,"multi-national, multinational",61
281,281,quảng cáo,"advertisements, advertisement, ad",75
282,282,lợi nhuận,profit,70
283,283,công ty,company,66
284,284,chi phí,"cost, costs",45
285,285,tiền tệ,currency,50
286,286,lệ phí,fee,45
287,287,kinh phí,budget,45
288,288,hoá đơn,"check, bills, bill",30
289,289,tiền mặt,cash,40
290,290,nhãn hiệu,brand,33
291,291,hợp đồng,contract,30
292,292,toàn cầu hoá,globalization,60
293,293,thị trường,market,77
294,294,công nghiệp,industry,42
295,295,chứng khoán,stock,36
296,296,rủi ro,risk,47
297,297,giao dịch,transaction,28
298,298,kinh doanh,business,29
299,299,đô la,"dollars, dollar",18
300,300,sản phẩm,product,44
301,301,tiền,money,78
302,302,bảo hiểm,insurance,33
303,303,vận tốc,velocity,80
304,304,công thức,formula,54
305,305,cơ học lượng tử,Quantum Mechanics,60
306,306,tăng,"gaining, rise, increasing",17
307,307,giảm,reduce,62
308,308,kết luận,conclusion,39
309,309,sinh học,biology,76
310,310,địa lý,geography,40
311,311,hoá học,chemistry,68
312,312,khám phá,discover,44
313,313,vật lý,physics,40
314,314,khái niệm,concept,69
315,315,triết học,philosophy,79
316,316,toán,math,79
317,317,mét,meter,71
318,318,phòng thí nghiệm,laboratory,51
319,319,đo,measure,2
320,320,trọng lượng,weight,40
321,321,độ sâu,depth,47
322,322,khối lượng,mass,40
323,323,số lượng,"amount, quantity, number",40
324,324,nhiệt độ,temperature,29
325,325,giới hạn,limit,33
326,326,tốc độ,speed,29
327,327,thể tích,volume,54
328,328,khoảng cách,distance,69
329,329,mẫu vật,sample,58
330,330,thí nghiệm,experiment,42
331,331,thuyết,theory,78
332,332,phương pháp,method,45
333,333,năng lượng,energy,40
334,334,công nghệ,technology,42
335,335,chi tiết,detail,60
336,336,dự án,project,18
337,337,khoa học,science,69
338,338,kiểm tra,"checking, check, checks",70
339,339,cuộc hẹn,appointment,66
340,340,lưng,back,15
341,341,gãy,"breaks, broken, break",62
342,342,mũi,nose,72
343,343,bác sĩ thú y,vet,60
344,344,tai,ear,10
345,345,răng,teeth,16
346,346,lưỡi,tongue,15
347,347,khám,examine,69
348,348,ngón tay,finger,49
349,349,ngực,chest,72
350,350,miệng,mouth,19
351,351,cánh tay,arm,49
352,352,não,brain,9
353,353,cẳng chân,leg,24
354,354,chấn thương,injure,54
355,355,mắt,eye,8
356,356,bàn chân,foot,24
357,357,chế độ ăn kiêng,diet,29
358,358,thị lực,"eyesight, sight, vision",39
359,359,đau,"pain, sore, painful",6
360,360,da,"skin, leather",2
361,361,bệnh nhân,patient,43
362,362,tóc,hair,79
363,363,dịch bệnh,plague,66
364,364,máu,blood,8
365,365,xe cấp cứu,ambulance,24
366,366,lây lan,spread,70
367,367,trái tim,heart,79
368,368,trường hợp khẩn cấp,"emergency, emergencies",35
369,369,ung thư,cancer,53
370,370,đầu,head,6
371,371,chữa,"cure, treat, treating",13
372,372,mặt,face,8
373,373,thuốc,medicine,20
374,374,cảm cúm,flu,64
375,375,sự điều trị,treatment,28
376,376,cơ thể,body,51
377,377,sức khoẻ,health,36
378,378,chăm sóc,take care of,64
379,379,bàn tay,hand,49
380,380,bệnh,"sick, illness, disease",12
381,381,thông dịch viên,interpreter,28
382,382,nhà nghiên cứu,researcher,42
383,383,nhà triết học,philosopher,73
384,384,thuỷ thủ,sailor,53
385,385,nhà sử học,historian,48
386,386,nhân viên,"worker, employee, workers",59
387,387,thợ mộc,carpenter,41
388,388,nhà thơ,poet,52
389,389,tác giả,author,31
390,390,nhà văn,writer,58
391,391,hoạ sĩ,painter,68
392,392,thợ làm tóc,hairdresser,38
393,393,tài xế,driver,60
394,394,thủ thư,librarian,53
395,395,cơn,(classifier),5
396,396,đoá,(classifier),67
397,397,bài,"classifier - compositions, text",63
398,398,môn,"(classifier), subject",8
399,399,tấm,"classifier for pieces of cloth, sheet, CLr for sheet-like things",10
400,400,bản,"(classifier), copies",4
401,401,bức,(classifier),64
402,402,viện,"sections, institute, institution",81
403,403,đàn,(classifier),6
404,404,vị,"(classifier), (honorific)",4
405,405,không gian,space,32
406,406,danh dự,honor,31
407,407,ký ức,memory,19
408,408,nụ cười,smile,26
409,409,thành tích,achievement,54
410,410,thái độ,attitude,29
411,411,niềm vui,"joy, happiness",73
412,412,xu thế,trend,51
413,413,lỗi,fault,8
414,414,trách nhiệm,responsibility,44
415,415,trạng thái,"condition, states, state",79
416,416,kinh nghiệm,experience,42
417,417,hậu quả,"consequence, consequences",46
418,418,giấy phép,"permission, permit",67
419,419,ký hiệu,"symbol, sign",33
420,420,biểu tượng,symbol,57
421,421,sự sợ hãi,fear,48
422,422,sự kiện,event,37
423,423,lối thoát,exit,52
424,424,sự cố gắng,"attempt, effort, efforts",26
425,425,chữ ký,signature,37
426,426,vị trí,position,56
427,427,hành vi,behavior,59
428,428,tính thực tế,practicality,54
429,429,thiệt hại,damage,33
430,430,cuộc sống,life,66
431,431,tín hiệu,signal,33
432,432,niềm tin,faith,55
433,433,bí mật,secret,40
434,434,nỗ lực,effort,39
435,435,tình huống,"case, situation",35
436,436,tôn giáo,religion,32
437,437,chú ý,attention,18
438,438,lợi,benefit,8
439,439,buổi hoà nhạc,concert,34
440,440,cuộc thi,"contest, competition",51
441,441,thơ,poetry,11
442,442,bộ sưu tập,collection,48
443,443,văn học,literature,80
444,444,khán giả,audience,31
445,445,phong cách,style,74
446,446,bài hát,song,63
447,447,thời trang,fashion,56
448,448,nhiếp ảnh,photography,21
449,449,âm thanh,sound,50
450,450,vĩ cầm,violin,24
451,451,nghệ thuật,art,72
452,452,phim,"movie, the movie, films",74
453,453,nhạc,music,15
454,454,sáo,flute,10
455,455,huy chương,medal,25
456,456,huấn luyện viên,coach,68
457,457,chức vô địch,championship,59
458,458,sân vận động,stadium,58
459,459,vận động viên,athlete,30
460,460,điểm,"point, points, score",67
461,461,quần vợt,tennis,75
462,462,bóng chuyền,volleyball,25
463,463,bóng bầu dục,football,22
464,464,trận đấu,match,27
465,465,bóng rổ,basketball,47
466,466,thể thao,sports,51
467,467,bóng,"shadow, balls, ball",12
468,468,bàn thắng,goal,50
469,469,trọng tài,referee,49
470,470,cầu thủ,player,53
471,471,sự giàu có,"wealth, richness",32
472,472,chủ quyền,sovereignty,47
473,473,phúc lợi,welfare,39
474,474,khủng bố,"terror, terrorism, terrorist",23
475,475,bắt giữ,"under arrest, arrest, arrested",32
476,476,cơ sở hạ tầng,"infrastructure, infrastructures",48
477,477,quyết định,"decides, decide, decision",29
478,478,quyền lực,power,39
479,479,tỷ lệ,"rate, ratio",20
480,480,vua,king,81
481,481,nguyên nhân,cause,43
482,482,chính sách,policy,65
483,483,hải quân,navy,46
484,484,ứng cử viên,"candidate, candidates",26
485,485,nghĩa vụ,"duty, duties",59
486,486,thị trưởng,mayor,77
487,487,quyền,"right, rights",19
488,488,kế hoạch,plan,34
489,489,bạo lực,"violence, violent",39
490,490,cuộc xung đột,"conflict, conflicts",66
491,491,khủng hoảng,crisis,34
492,492,đình công,"go on strike, strike",26
493,493,mối đe doạ,"threat, threats",28
494,494,từ chức,resign,25
495,495,nữ hoàng,queen,34
496,496,chiến dịch,"campaign, operation",28
497,497,bài diễn văn,speech,28
498,498,yêu cầu,"ask, require, order",82
499,499,hiến pháp,constitution,45
500,500,cuộc bầu cử,election,22
501,501,tội phạm,"criminal, criminals",44
502,502,quốc hội,"congress, parliament",34
503,503,công dân,citizen,27
504,504,tham nhũng,corruption,77
505,505,ý kiến,"idea, opinion, view",37
506,506,bỏ phiếu,vote,45
507,507,hoà bình,peace,23
508,508,chính trị gia,"politician, politicians",56
509,509,quân đội,"army, military, the army",30
510,510,chính trị,"politics, political",56
511,511,chiến tranh,war,65
512,512,chiến lược,strategy,40
513,513,xã hội,"society, social",34
514,514,kinh tế,"economics, economical, economy",50
515,515,phát triển,"development, develop, developed",74
516,516,sự đầu tư,investment,27
517,517,tổng thống,president,52
518,518,luật,"laws', law, laws",71
519,519,an ninh,security,63
520,520,thuế,"tax, taxes",78
521,521,chính phủ,government,46
522,522,toà án,court,20
523,523,kể,"tell, tells, telling",69
524,524,tre,bamboo,11
525,525,dép,slippers,61
526,526,cành,branch,12
527,527,ở trọ,"to lodge, lodges",57
528,528,cố tình,"intentionally, intentional, on purpose",55
529,529,dừa,coconut,61
530,530,ám chỉ,"refer to, allude to, alluding",24
531,531,vệ sinh,hygiene,80
532,532,tàu ngầm,submarine,76
533,533,nô lệ,slave,38
534,534,tượng đài,"statue, statues",27
535,535,ria mép,mustache,75
536,536,thiết bị,equipment,22
537,537,hình ảnh,"image, picture",21
538,538,tàng hình,invisible,33
539,539,yên lặng,quiet,38
540,540,thích hợp,"fit, suitable",35
541,541,trẻ,young,11
542,542,cụ thể,"particular, specific",51
543,543,hiệu quả,"efficient, effective",46
544,544,bình tĩnh,calm,55
545,545,căng thẳng,stress,50
546,546,sẵn sàng,ready,47
547,547,phù hợp,suitable,35
548,548,sợ,"scared, afraid, frightened",3
549,549,tạm thời,"temporarily, temporary",76
550,550,bình đẳng,equal,27
551,551,hào phóng,"generous, generosity",45
552,552,tò mò,curious,41
553,553,đau đớn,painful,30
554,554,lạnh,cold,14
555,555,cổ,ancient,1
556,556,sớm,early,76
557,557,mạnh mẽ,strong,41
558,558,gần,"close to, close, is close to",62
559,559,thất vọng,disappointed,77
560,560,thấp,"short, low, is short",77
561,561,cao,"tall, is tall, high",5
562,562,tư nhân,private,43
563,563,bất ngờ,surprise,43
564,564,công,public,13
565,565,quý giá,"valuable, precious",31
566,566,tự do,free,29
567,567,duy nhất,"unique, only",67
568,568,yên tĩnh,quiet,55
569,569,phổ biến,popular,22
570,570,ven biển,coastal,22
571,571,an toàn,safe,56
572,572,vật chất,matter,80
573,573,khói,smoke,14
574,574,cát,sand,64
575,575,môi trường,environment,71
576,576,cỏ,grass,1
577,577,thực vật,plants,58
578,578,sóng,waves,17
579,579,khí hậu,climate,69
580,580,ánh sáng,light,47
581,581,lá,leaf,2
582,582,gió,wind,7
583,583,cảnh quan,"landscape, view",46
584,584,ngọn đồi,hill,30
585,585,rừng,forest,16
586,586,trái đất,Earth,79
587,587,rễ,root,3
588,588,hành tinh,planet,55
589,589,hòn đá,stone,27
590,590,thiên nhiên,nature,44
591,591,đất,"soil, property, land",6
592,592,thời tiết,"climate, weather",78
593,593,ngôi sao,"star, stars",72
594,594,sông,"river, water",17
595,595,núi,mountain,73
596,596,mưa,rain,9
597,597,núi lửa,"volcano, volcanoes",39
598,598,lửa,fire,71
599,599,không khí,air,36
600,600,cơn bão,storm,22
601,601,cánh đồng,field,30
602,602,cây,"tree, classifier, trees",64
603,603,mặt trăng,moon,56
604,604,mặt trời,sun,71
605,605,bầu trời,sky,63
606,606,biển,sea,12
607,607,hoa,flower,68
608,608,mạng xã hội,social network,71
609,609,kênh,channel,69
610,610,công cụ tìm kiếm,search engine,26
611,611,đăng nhập,sign in,61
612,612,phản hồi,feedback,34
613,613,phóng viên,reporter,59
614,614,mạng,"networks, network, internet",15
615,615,internet,"internet, (the) internet",69
616,616,trực tuyến,online,79
617,617,mật khẩu,password,35
618,618,kết nối,connect,44
619,619,thời sự,the news,48
620,620,tin nhắn,message,43
621,621,truyền thông,media,52
622,622,diễn đàn,forum,27
623,623,mạng lưới,"network, networks",71
624,624,báo chí,press,24
625,625,bình luận,comment,39
626,626,thông tin,information,55
627,627,gấu trúc,panda,67
628,628,vẹt,parrot,12
629,629,lạc đà,camel,27
630,630,chân,leg,12
631,631,cá mập,shark,64
632,632,cú,owl,2
633,633,cừu,sheep,6
634,634,ếch,frog,67
635,635,đuôi,tail,62
636,636,sừng,horn,17
637,637,nhện,spider,16
638,638,sói,wolf,10
639,639,cá heo,dolphin,64
640,640,tê giác,rhino,32
641,641,muỗi,mosquito,15
642,642,cáo,fox,5
643,643,cò,stork,1
644,644,xảy ra,happen,82
645,645,đại diện,represent,28
646,646,lan truyền,spread,70
647,647,tham gia,"participate, join, in",31
648,648,chạm,touch,12
649,649,chỉ trích,criticize,60
650,650,chứng minh,prove,65
651,651,bắt nguồn,originate,63
652,652,gia nhập,join,62
653,653,chuẩn bị,prepare,22
654,654,trở nên,"become, becomes",42
655,655,kiểm soát,control,70
656,656,toả sáng,shine,47
657,657,thức khuya,stay up late,78
658,658,nổ,explode,3
659,659,đầu tư,invest,57
660,660,liệt kê,list,35
661,661,dậy,get up,6
662,662,dạy,"teach, show, educate",6
663,663,hết hạn,expire,33
664,664,mơ,dream,3
665,665,ước,"wishes, wish",80
666,666,chứa,"contain, contains",13
667,667,khắc phục,"fix, overcome",46
668,668,kéo dài,"last (verb), last",27
669,669,đăng ký,register,37
670,670,chọn,"picks, pick, chooses",65
671,671,cứu,"save, saves",6
672,672,xây,"build, hope",82
673,673,thu hút,attract,78
674,674,sửa,"repair, fix",10
675,675,hành động,action,30
676,676,trò chơi,game,79
677,677,tình hình,situation,33
678,678,hiện tượng,phenomenon,57
679,679,cơ hội,"occasion, opportunity",34
680,680,bằng chứng,evidence,25
681,681,di chúc,"testament, will",25
682,682,giải thưởng,"prize, award",54
683,683,niềm hy vọng,hope,73
684,684,sự bảo vệ,protection,22
685,685,sự lựa chọn,choice,39
686,686,lượt,"turn, turns",15
687,687,điều ước,wish,61
688,688,vai trò,role,57
689,689,mục đích,"purpose, objective",28
690,690,giá trị,value,56
691,691,vấn đề,"problem, problems, issue",28
692,692,tâm trí,mind,56
693,693,ảnh hưởng,affect,35
694,694,thoả thuận,deal,78
695,695,giải pháp,solution,45
696,696,kết quả,result,46
697,697,lựa chọn,option,71
698,698,trường hợp,case,35
699,699,cấp độ,level,29
700,700,nội dung,content,31
701,701,loại,"sorts, kind of, kind",70
702,702,phiên bản,"edition, version",21
703,703,hồ sơ,"profile, record, curriculum vitae",48
704,704,tài khoản,account,36
705,705,danh sách,list,66
706,706,nhóm,"group, team",16
707,707,dịch vụ,service,59
708,708,hệ thống,system,52
709,709,thành viên,"member, members",59
710,710,thiết kế,design,35
711,711,ly hôn,divorce,35
712,712,tình yêu,love,78
713,713,đám cưới,wedding,26
714,714,cưới,"marry, marrying",13
715,715,bạn gái,girlfriend,63
716,716,cá nhân,individual,43
717,717,kẻ ác,"villain, villains",69
718,718,khách hàng,"customer, customers",69
719,719,đồng nghiệp,"colleague, co-worker",42
720,720,anh hùng,hero,35
721,721,tình bạn,friendship,21
722,722,loài người,"the human race, humankind, mankind",43
723,723,uỷ ban,committee,21
724,724,tính nhân đạo,humanity,43
725,725,dân số,population,48
726,726,hội thảo,workshop,51
727,727,con người,"person, humans, human",43
728,728,bạn trai,boyfriend,56
729,729,lịch sử,history,48
730,730,kẻ thù,enemy,53
731,731,công cộng,public,26
732,732,mối quan hệ,"relationship, relation",46
733,733,một ai đó,"someone, somebody",71
734,734,điều,"things, thing, that",61
735,735,mọi,"any, every, all",8
736,736,cả hai,both,33
737,737,bất kỳ ai,"anyone, anybody",37
738,738,bất kỳ cái gì,anything,37
739,739,khác,"different, other, another",14
740,740,không ai,"nobody, no one",69
741,741,tất cả,"all, whole, every",23
742,742,cái gì đó,something,64
743,743,mọi thứ,"everything, things",53
744,744,bản thân,"myself, themselves, himself",50
745,745,tự mình,"by herself, by myself, by themselves",80
746,746,tự,"self, by oneself",3
747,747,so với,"in comparison to, than",59
748,748,cho đến khi,until,28
749,749,thật sự,"real, really",48
750,750,mà,"that, but, if",3
751,751,thà,would rather,77
752,752,rồi,"is, now, already",75
753,753,còn hơn,than,35
754,754,hết,run out of (sth),7
755,755,lạc,"lost, peanut",70
756,756,được không,"can ... ?, could",36
757,757,mời,"invite, please, invited",8
758,758,một chút,"a bit, a little, a bit of",71
759,759,làm phiền,bother,45
760,760,cũng được,"it is okay to (verb), (I'm) okay with",31
761,761,rằng,that,16
762,762,có vẻ,"seem, seems, appear",58
763,763,có lẽ,maybe,38
764,764,bài thuyết trình,presentation,63
765,765,giáo sư,"professor, professors",48
766,766,bài giảng,"lecture, lectures",32
767,767,báo cáo,"report, reports",63
768,768,nghiên cứu sinh,"PhD student, doctoral student",26
769,769,đại học,"university, universities",60
770,770,văn bản,"document, text",21
771,771,ngành,"business, branch, major",19
772,772,bài kiểm tra,"test, the test, quiz",37
773,773,chương,chapter,65
774,774,ví dụ,"example, instance, examples",31
775,775,kiến thức,knowledge,54
776,776,nghiên cứu,"study, research",26
777,777,ý tưởng,"idea, ideas",57
778,778,học bổng,scholarship,23
779,779,trường,school,79
780,780,khoá học,course,69
781,781,giáo dục,"education, educate, educated",30
782,782,chương trình,program,65
783,783,ghi chú,note,25
784,784,lớp học,"classroom, classrooms, class",70
785,785,trên,"on, over, top",79
786,786,dưới,"under, beneath, bottom",62
787,787,ngoại trừ,"except, apart from, besides",57
788,788,bên,"side, with",63
789,789,giữa,"middle, among, between",67
790,790,cạnh,"beside, edge, side",12
791,791,bởi,by,4
792,792,bị,"is, being, be",1
793,793,được,"can, ok, for",62
794,794,thông báo,"notify, notifies",22
795,795,phản bội,"betrays, betray, betrayed",23
796,796,cấm,"prohibit, prohibited, prohibits",5
797,797,ngưỡng mộ,"admire, admires",41
798,798,kết thúc,"ends, end, finish",54
799,799,sở hữu,"own, owns",76
800,800,xây dựng,build,31
801,801,nhận được,"receive, gets, receives",31
802,802,giải thích,"explain, explains",62
803,803,liên hệ,"contact, contact (verb), contacted",70
804,804,vâng lời,obey,39
805,805,chờ,"wait for, layovers, waits",5
806,806,định nghĩa,"definition, define",42
807,807,tạo ra,"create, creates, make",76
808,808,dành,"spend (time), spends, spend",61
809,809,cảm thấy,feel,51
810,810,theo,"follow, takes, follows",77
811,811,tiếp tục,"continue, continues, keep",57
812,812,cho rằng,"assume, assumes",47
813,813,xuất hiện,"appear, appears",33
814,814,giới thiệu,"introduce, introduces",52
815,815,xuất khẩu,"export, exports, exporting",35
816,816,nhập khẩu,"import, importing, imports",35
817,817,trộn,mix,79
818,818,danh lam thắng cảnh,"landmark, landmarks",38
819,819,thăm,visit,77
820,820,đại sứ quán,embassy,48
821,821,thị thực,visa,54
822,822,thế giới,world,32
823,823,bản đồ,map,29
824,824,nội địa,domestic,28
825,825,quốc tế,international,50
826,826,du khách,"tourist, tourists",61
827,827,hành trình,journey,68
828,828,chuyến bay,flight,65
829,829,du lịch,"travel, travels",61
830,830,xe máy,motorcycle,82
831,831,hành lý,luggage,40
832,832,xe hơi,car,34
833,833,tàu thuỷ,ship,76
834,834,cuộc phiêu lưu,adventure,45
835,835,ba lô,backpack,63
836,836,lái,"drive, fly (airplane), drives",7
837,837,hôm qua,yesterday,46
838,838,năm ngoái,last year,72
839,839,đã,"has been, have been, were",2
840,840,đã từng,"used to, were, did",61
841,841,đài loan,Taiwan,60
842,842,ai cập,Egypt,24
843,843,nam phi,South Africa,45
844,844,bỉ,Belgium,1
845,845,thái lan,Thailand,77
846,846,hy lạp,Greece,38
847,847,đan mạch,Denmark,66
848,848,phần lan,Finland,74
849,849,thuỵ điển,Sweden,28
850,850,indonesia,"Indonesia, Indonesian",69
851,851,canada,Canada,64
852,852,thổ nhĩ kỳ,Turkey,78
853,853,ba lan,"Poland, Polish",63
854,854,hỏi giờ,ask for the time,32
855,855,rưỡi,"half past, thirty (minutes), a half",16
856,856,kém,"to, weak, bad",69
857,857,lúc,"moment, at, the time",71
858,858,mấy giờ,"what time, what time does ... ?, what time do ... ?",32
859,859,trụ sở chính,headquarters,48
860,860,đường hầm,tunnel,67
861,861,đường phố,"street, streets",45
862,862,hang,cave,68
863,863,làng,village,14
864,864,cầu,bridge,5
865,865,bệnh viện,hospital,59
866,866,bưu điện,post office,28
867,867,tiệm bánh,"bakery, cake shop",22
868,868,thư viện,library,59
869,869,siêu thị,supermarket,51
870,870,trạm xe buýt,"bus station, bus stop",60
871,871,vùng,"region, zone",81
872,872,trung tâm thương mại,"shopping mall, mall",49
873,873,biên giới,border,32
874,874,nông trại,farm,56
875,875,bảo tàng,museum,49
876,876,quảng trường,square,75
877,877,rạp phim,movie theater,45
878,878,hiệu sách,bookstore,68
879,879,tù,"prison, jail, bars",3
880,880,nhà tù,prison,57
881,881,con đường,"path, road, street",31
882,882,quán cà phê,"café, coffee shop, cafe",23
883,883,quận,district,16
884,884,nhà hát,theater,73
885,885,thị trấn,town,77
886,886,toà nhà,building,44
887,887,chợ,market,5
888,888,khu vực,"region, section, zone",70
889,889,địa chỉ,address,24
890,890,công viên,"park, parks",59
891,891,văn phòng,office,45
892,892,lâu đài,"castle, palace",27
893,893,nơi,"site, part, place",9
894,894,nhà thờ,church,52
895,895,phòng ngủ,"bedroom, bedrooms",43
896,896,trung tâm,"center, central",49
897,897,ngôi,(classifier),15
898,898,bãi biển,beach,22
899,899,chùa,"pagoda, temple",13
900,900,thành phố,city,45
901,901,sân,"yard, ground",76
902,902,phòng tắm,"bathroom, bathrooms",49
903,903,phòng khách,"lounge, living room",74
904,904,nhà,"house, home",73
905,905,bếp,kitchen,63
906,906,có thể,"can, may, possibly",51
907,907,cần phải,"need to, need, needs",44
908,908,phải,"is, right, has to",74
909,909,không thể,"cannot, can't",51
910,910,không được,must not,31
911,911,cùng nhau,together,66
912,912,bỗng,suddenly,12
913,913,suýt,"almost, nearly",76
914,914,chưa,"yet, n't, not yet",13
915,915,xung quanh,around,46
916,916,thậm chí,even,24
917,917,dù sao,anyway,61
918,918,khoảng,"about, roughly",69
919,919,nói chung,"generally, to conclude",25
920,920,gần như,"almost, nearly",62
921,921,với nhau,together,81
922,922,ở đây,here,28
923,923,hoàn toàn,"absolutely, completely, totally",56
924,924,một cách,(indicate adverb),71
925,925,ngay lập tức,immediately,38
926,926,lại,again,7
927,927,mặc dù,"though, even though, although",31
928,928,cho dù,even if,31
929,929,tuy nhiên,however,44
930,930,vậy nên,"so, therefore, then",42
931,931,vậy,"then, so, indicate interrogation",12
932,932,vậy mà,but,80
933,933,hơn nữa,"in addition, additionally, moreover",68
934,934,một khi,"once, as soon as",36
935,935,như vậy,"as a result, like that",73
936,936,chỉ,"only, just, show",5
937,937,trừ khi,unless,36
938,938,liềm,sickle,14
939,939,lược,comb,15
940,940,máy tính bảng,tablet,55
941,941,máy giặt,washing machine,32
942,942,nhật ký,diary,37
943,943,kéo,scissors,69
944,944,bút chì,pencil,24
945,945,máy ảnh,camera,21
946,946,quà,"gift, present",10
947,947,dao,knife,61
948,948,diều,kite,61
949,949,nam châm,magnet,72
950,950,thiệp,card,20
951,951,thẻ tín dụng,credit card,55
952,952,bong bóng,"balloon, balloons",23
953,953,màn hình,"screen, monitor",33
954,954,bàn phím,keyboard,45
955,955,tủ lạnh,refrigerator,38
956,956,quạt,fan,75
957,957,nhẫn,ring,16
958,958,kính,glasses,70
959,959,ảnh,photo,4
960,960,cờ,flag,1
961,961,bột,powder,64
962,962,búa,hammer,5
963,963,vật thể,object,51
964,964,máy,machine,8
965,965,thang,ladder,19
966,966,hộp,box,68
967,967,giấy,paper,14
968,968,bàn chải,"toothbrush, brushes, brush",63
969,969,chìa khoá,"key, keys",36
970,970,không bao giờ,never,22
971,971,luôn,always,15
972,972,hiếm khi,rarely,36
973,973,thường xuyên,"usually, regularly, often",78
974,974,đôi khi,sometimes,36
975,975,trống rỗng,empty,79
976,976,no,full,3
977,977,chăm chỉ,hard,24
978,978,xấu,"bad, ugly",82
979,979,quen thuộc,familiar,75
980,980,hơi,"a bit, breath, pretty",7
981,981,dám,"dare, dares",66
982,982,giữ,keep,7
983,983,tắm,"takes a shower, bath, bathing",10
984,984,tìm ra,"find, finds, find out",78
985,985,xứng đáng,deserve,27
986,986,trở lại,"return, returns",38
987,987,sau,"behind, next, then",10
988,988,đối mặt,face,40
989,989,thoả mãn,"satisfied, satisfy",40
990,990,hỗ trợ,"support, supports, supporting",57
991,991,khuyên,"recommended, advises, advised",70
992,992,luyện tập,practice,49
993,993,đánh giá cao,appreciate,31
994,994,hợp tác,cooperate,49
995,995,khẳng định,affirm,29
996,996,trừng phạt,punish,45
997,997,phát hiện,discover,33
998,998,nhận ra,realize,73
999,999,đam mê,passion,41
1000,1000,cả tin,"gullible, credulous",55
1001,1001,quan tâm,"care, considered, cares",49
1002,1002,tử tế,"kind, gracious",20
1003,1003,chuyên nghiệp,professional,42
1004,1004,bảo thủ,conservative,53
1005,1005,tôn trọng,"respect, respects",79
1006,1006,siêng năng,"hard-working, diligent",41
1007,1007,xấu tính,mean,55
1008,1008,tham lam,greedy,38
1009,1009,bất cẩn,careless,24
1010,1010,lười biếng,lazy,22
1011,1011,bất lịch sự,impolite,60
1012,1012,bất lợi,"disadvantage, disadvantageous",39
1013,1013,khiêm tốn,"humble, modest",69
1014,1014,lợi thế,"advantage, advantages",51
1015,1015,may mắn,"lucky, luck",40
1016,1016,tính cách,"characteristic, character, personality",78
1017,1017,chất lượng,"quality, qualities",40
1018,1018,linh hoạt,flexible,34
1019,1019,cạnh tranh,"compete, competing",64
1020,1020,vẻ đẹp,beauty,80
1021,1021,tập trung,"concentrate, focus",76
1022,1022,nhà toán học,mathematician,56
1023,1023,nhà báo,journalist,22
1024,1024,nhà sư,monk,48
1025,1025,nhà lãnh đạo,"leader, leaders",38
1026,1026,nhà khoa học,"scientist, scientists",36
1027,1027,nhà thiết kế,designer,73
1028,1028,kiến trúc sư,architect,60
1029,1029,tương lai,future,38
1030,1030,nha sĩ,"dentist, dentists",73
1031,1031,y tá,nurse,49
1032,1032,nông dân,farmer,27
1033,1033,đầu bếp,cook,66
1034,1034,doanh nhân,"businessman, entrepreneur, businesswoman",43
1035,1035,diễn viên,"actor, actress",59
1036,1036,kỹ sư,engineer,19
1037,1037,ngư dân,fisherman,27
1038,1038,ca sĩ,"singer, singers",64
1039,1039,kế toán,"accountant, accounting",56
1040,1040,công nhân,"worker, workers, a worker",43
1041,1041,cảnh sát,"police, officers, officer",64
1042,1042,nhạc sĩ,"songwriter, songwriters",73
1043,1043,nghệ sĩ,artist,72
1044,1044,nghề nghiệp,"profession, occupation",42
1045,1045,thuyền trưởng,captain,78
1046,1046,luật sư,lawyer,48
1047,1047,sự nghiệp,career,42
1048,1048,thư ký,secretary,37
1049,1049,sẽ,"are going to, are going to be, will be",76
1050,1050,sự bắt đầu,beginning,22
1051,1051,sự ủng hộ,support,60
1052,1052,sự đồng ý,agreement,30
1053,1053,sự thay đổi,change,51
1054,1054,sự lịch sự,politeness,60
1055,1055,sự nghiêm túc,seriousness,42
1056,1056,sự thân thiện,friendliness,50
1057,1057,sự thành công,success,50
1058,1058,sự kiên nhẫn,patience,37
1059,1059,sự phức tạp,complexity,46
1060,1060,sự,(classifier),3
1061,1061,sự thật,truth,76
1062,1062,sự đơn giản,simplicity,30
1063,1063,thủ đô,capital,29
1064,1064,quốc tịch,"nationality, citizenship",54
1065,1065,ngôn ngữ,language,43
1066,1066,quốc gia,"country, national (adj), nation",31
1067,1067,văn hoá,culture,34
1068,1068,hàn quốc,South Korea,68
1069,1069,thuỵ sĩ,Switzerland,78
1070,1070,bồ đào nha,Portugal,63
1071,1071,nga,Russia,9
1072,1072,úc,"Australia, australian",80
1073,1073,ấn độ,India,29
1074,1074,cộng hoà séc,Czech Republic,34
1075,1075,Trung Quốc,China,83
1076,1076,Đức,Germany,83
1077,1077,Tây Ban Nha,"Spain, Spanish",83
1078,1078,Pháp,"French, France",83
1079,1079,không có gì,you're welcome,26
1080,1080,đợi,wait,6
1081,1081,thật không,really,36
1082,1082,vừa mới,just,41
1083,1083,nhanh lên,hurry up,73
1084,1084,đừng,"do not, don't, not",14
1085,1085,ư,(untranslated),1
1086,1086,hãy,"let's, let, please",7
1087,1087,chúc mừng,congratulate,41
1088,1088,chia buồn,"condole, condolence",65
1089,1089,tai nạn,accident,41
1090,1090,địa hình,terrain,33
1091,1091,lượng mưa,"precipitation, rainfall",71
1092,1092,thung lũng,valley,39
1093,1093,đồng bằng,plain,22
1094,1094,đảo,island,61
1095,1095,la bàn,compass,21
1096,1096,nam,"south, male, Nam",9
1097,1097,bắc,north,60
1098,1098,hướng,"direction, heading",18
1099,1099,tây,"west, western",77
1100,1100,châu,continent,13
1101,1101,á,Asian,1
1102,1102,đại dương,ocean,31
1103,1103,nam cực,antarctic,26
1104,1104,phi,Phi (proper name),74
1105,1105,âu,Europe,1
1106,1106,phía trước,"in front of, up ahead",74
1107,1107,trước khi,before,36
1108,1108,sau khi,after,36
1109,1109,trong,"inside, for, at",20
1110,1110,phía sau,behind,47
1111,1111,từ,"word, since, from",3
1112,1112,cùng,"with, the same, together",13
1113,1113,ngoài,"out, besides, at",19
1114,1114,về,"for, toward, about",4
1115,1115,ít,"little, few, some",69
1116,1116,nhất,"first, most, the most",16
1117,1117,hơn,"more, than, more than",7
1118,1118,so sánh,compare,47
1119,1119,họ hàng,"relatives, relative",68
1120,1120,chú,"uncle, you",65
1121,1121,hôn nhân,marriage,43
1122,1122,ông,grandfather,10
1123,1123,em,"you, younger brother, younger sister",67
1124,1124,bà,grandmother,1
1125,1125,gái,girl,62
1126,1126,trai,boy,17
1127,1127,chị,"sister, older sister, older sisters",5
1128,1128,thế kỷ,century,37
1129,1129,ngày sinh,"birthday, date of birth",72
1130,1130,thế hệ,generation,77
1131,1131,thiên niên kỷ,"millennium, millenniums",44
1132,1132,thập niên,decade,44
1133,1133,thu,"autumn, fall",11
1134,1134,hè,summer,68
1135,1135,mùa,"season, crop",9
1136,1136,đông,"winter, East, crowded",14
1137,1137,xuân,spring,82
1138,1138,tháng một,january,41
1139,1139,tháng tư,april,57
1140,1140,phút,"minute, minutes",75
1141,1141,tháng,"months, month, months'",19
1142,1142,giây,"second, seconds",14
1143,1143,tuổi,age,80
1144,1144,nay,"this, now",9
1145,1145,chủ nhật,sunday,44
1146,1146,giờ,"hour, hours, now",7
1147,1147,hôm nay,today,42
1148,1148,tuần,"week, weeks",80
1149,1149,thứ tư,"wednesday, fourth",57
1150,1150,thời gian,time,32
1151,1151,ngày,"date, day, days",15
1152,1152,lịch,calendar,70
1153,1153,tối nay,tonight,42
1154,1154,mỗi,"each, per, every",8
1155,1155,ngày mai,tomorrow,72
1156,1156,chiều,afternoon,18
1157,1157,tìm hiểu,"learn about, get to know, learn",33
1158,1158,đưa,"handing, handed, take",61
1159,1159,hy vọng,"hope, hopes",68
1160,1160,xuất bản,"publish, publishing",21
1161,1161,trở về,"return, get back",58
1162,1162,giao tiếp,"communicate, communicating",67
1163,1163,hôn,kiss,7
1164,1164,thảo luận,"discuss, discusses, discussing",39
1165,1165,thử thách,"challenge, challenges",50
1166,1166,ôm,hug,74
1167,1167,bật,"turn on, on",4
1168,1168,tắt,"off, turn off, close",11
1169,1169,dừng,"stop, stops",14
1170,1170,sản xuất,"produce, producing, produces",76
1171,1171,nhìn,look,16
1172,1172,bảo vệ,"protect, protects",58
1173,1173,phát minh,"invent, invention, invents",74
1174,1174,phân biệt,distinguish,23
1175,1175,hiểu,"understand, understood, understands",68
1176,1176,gửi,"send, sends",7
1177,1177,tặng,"gifts, gift, gift (verb)",17
1178,1178,tin,"believe, trust",78
1179,1179,cố gắng,"try, try (+ to infinitive), tries",60
1180,1180,thắng,"win, defeat, wins",19
1181,1181,thành công,"successful, succeed, success",26
1182,1182,thất bại,"fail, failure",21
1183,1183,đồng ý,"agree, agrees",67
1184,1184,thay đổi,"change, changes",30
1185,1185,tồn tại,"exist, exists, existing",49
1186,1186,cho phép,"allow, allows, let",65
1187,1187,cuối cùng,"finally, last, final",26
1188,1188,đầu tiên,first,66
1189,1189,thứ,"things, thing, stuff",11
1190,1189,thứ,"things, thing, stuff",11
1191,1190,lần,"time, times, turns",8
1192,1191,vào,"to go into, for, into",80
1193,1192,đang,"is, am, (action is taking place)",13
1194,1193,lúc này,"now, this moment, right now",42
1195,1194,bây giờ,"now, moment, it",32
1196,1195,hiện tại,"now, moment, currently",49
1197,1196,nên,"ought, then, so",9
1198,1197,trước,"ago, in front of, before",20
1199,1198,nhưng,"but, however",19
1200,1199,mà còn,"not only... but also, but also",71
1201,1200,đều,"both of, all, both",66
1202,1201,cả,"all, both, all over",1
1203,1202,tuy,"although, however, despite",11
1204,1203,nếu,if,72
1205,1204,trong khi,while,36
1206,1205,thì,"is, am, then",77
1207,1206,khi nào,"when, when does, when are",41
1208,1207,hoặc,"or, either...or",68
1209,1208,bởi vì,because,59
1210,1209,tổng cộng,"totally, in total",26
1211,1210,số,number,3
1212,1211,nửa,half,73
1213,1212,đủ,enough,2
1214,1213,tỷ,billion,80
1215,1214,triệu,"million, millions",20
1216,1215,lẻ,(used at hundred level),2
1217,1216,mốt,"one (for 21 or higher), vogue, one",8
1218,1217,lăm,"five (for 15 or higher), five",7
1219,1218,nhiều,"lots, many, various",19
1220,1219,tư,"private, four (for 24 or higher), four",3
1221,1220,mười,ten,15
1222,1221,chín,"nine, 9",13
1223,1222,tám,eight,10
1224,1223,bảy,seven,4
1225,1224,sáu,"six, sixth",10
1226,1225,trưởng thành,"mature, adult",50
1227,1226,tiện lợi,convenient,39
1228,1227,ích kỷ,selfish,37
1229,1228,nặng,heavy,72
1230,1229,thân thiện,friendly,52
1231,1230,lịch sự,polite,48
1232,1231,tệ,bad,77
1233,1232,truyền thống,"traditional, tradition",52
1234,1233,sai,wrong,76
1235,1234,buồn,"are sad, sorry, was sad",12
1236,1235,bướng bỉnh,stubborn,23
1237,1236,nghiêm túc,serious,57
1238,1237,tích cực,positive,26
1239,1238,lạc quan,optimistic,46
1240,1239,dài,long,66
1241,1240,ngắn,short,72
1242,1241,hiện đại,modern,27
1243,1242,hoàn hảo,perfect,33
1244,1243,độc lập,"independent, independence",38
1245,1244,nghèo,poor,19
1246,1245,nguy hiểm,dangerous,33
1247,1246,xa xỉ,luxurious,82
1248,1247,mới,new,8
1249,1248,cũ,"are old, old, former",2
1250,1249,cần thiết,necessary,64
1251,1250,kiên nhẫn,patient,43
1252,1251,đắt,expensive,6
1253,1252,trung thực,honest,54
1254,1253,quan trọng,"is important, important, was important",75
1255,1254,hài hước,"humorous, funny",35
1256,1255,chậm,"slow, slowly (when placed after verb), late",12
1257,1256,hạnh phúc,"happiness, happy",46
1258,1257,đơn giản,simple,32
1259,1258,nhanh,"fast, (can be adjective or adverb)",19
1260,1259,phức tạp,complicated,49
1261,1260,nhỏ,"small, little",9
1262,1261,lớn,"large, big, great",70
1263,1262,dễ,easy,2
1264,1263,đặc biệt,"special, especially",23
1265,1264,ngon,"delicious, deliciously",72
1266,1265,khó,"hard, difficult",69
1267,1266,đậm,"dark, deep",6
1268,1267,hồng,pink,68
1269,1268,vàng,"yellow, gold",17
1270,1269,nhạt,light,16
1271,1270,tím,"purple, violet",11
1272,1271,nâu,brown,9
1273,1272,xám,"gray, grey",12
1274,1273,xanh lá cây,green,37
1275,1274,xanh da trời,blue,27
1276,1275,đỏ,red,2
1277,1276,đen,black,6
1278,1277,trắng,white,20
1279,1278,màu,color,8
1280,1279,hỏi,"ask, asks",7
1281,1280,đáp án,answer,20
1282,1281,câu,sentence,5
1283,1282,trả lời,"answer, respond, answers",39
1284,1283,như,"like, as",73
1285,1284,thế nào,"how, how were, how was",41
1286,1285,làm sao,how,70
1287,1286,bao,bag,4
1288,1287,ví,"wallet, purse",4
1289,1288,pin,battery,75
1290,1289,thuốc lá,tobacco,37
1291,1290,túi,bag,11
1292,1291,đèn,"light, lamp",6
1293,1292,điện thoại,"phone, telephone",52
1294,1293,tivi,"television, televisions, tv",78
1295,1294,máy tính,computer,55
1296,1295,gương,"mirror, example",18
1297,1296,đồng hồ,"watch, clock",34
1298,1297,cửa sổ,"window, windows",48
1299,1298,muỗng,spoon,19
1300,1299,chai,"bottle, bottles",64
1301,1300,giường,bed,67
1302,1301,đứng,"stand, stands, stand/stands",14
1303,1302,ngồi,"sit, sits, sitting",15
1304,1303,để,"for, let, lets",2
1305,1304,nhảy,"jump, dance, jumps",73
1306,1305,bắt đầu,"begin, start, starts",27
1307,1306,nghĩ,"think, thinks",72
1308,1307,múa,"dance, dances, dance/dances (verb)",9
1309,1308,hát,"sing, sings, singing",7
1310,1309,ủng hộ,"supports, support",34
1311,1310,xem,"watching, look at, watched",12
1312,1311,chạy,"run, runs, running",13
1313,1312,việc,"work, business, job",81
1314,1313,làm,"to be, has worked as, do on",7
1315,1314,lấy,"takes, take, get",70
1316,1315,tìm,"looking for, find, look for",11
1317,1316,bơi,"swim, swims, swimming",4
1318,1317,giúp,"help, helps",67
1319,1318,mở,"open, opens, turn on",3
1320,1319,chơi,"play, plays, playing",65
1321,1320,luyện,"practices, practice",71
1322,1321,bộ,"(classifier for clothes), (classifier for sets), board",1
1323,1322,bán,"sell, sells",4
1324,1323,lắng nghe,"listen, listens, listening",42
1325,1324,dùng,"use, using, uses",14
1326,1325,cười,"smile, smile/smiles, laugh/laughs",13
1327,1326,khóc,"crying, cries, cry/cries",14
1328,1327,ngủ,"sleep, slept, sleeps",72
1329,1328,thử,"try, tries, try (sth) on",11
1330,1329,viết,"write, writes",17
1331,1330,nghe,"listen, hear/hears, listens",15
1332,1331,thấy,"see, find (limited context), sees",77
1333,1332,gì,"what, what are, what is",62
1334,1333,khi,"when, as, on",7
1335,1334,sao,"what, what do, why",10
1336,1335,tại,"at, in",10
1337,1336,vì,"because, for, because of",4
1338,1337,nào,"let's, any, what kind of",9
1339,1338,ai,"whom, who, anyone",63
1340,1339,trứng,egg,20
1341,1340,chay,"vegetarian, vegan",13
1342,1341,mì ý,pasta,15
1343,1342,cà chua,"tomato, tomatoes",25
1344,1343,khoai tây chiên,"chips, French fries",49
1345,1344,thịt,meat,77
1346,1345,mì ăn liền,instant noodles,20
1347,1346,muối,"salt, salty",15
1348,1347,nấm,mushroom,9
1349,1348,ớt,"chili, peppers, chilli",74
1350,1349,rau,"vegetable, vegetables",75
1351,1350,bữa,"meals, meal",5
1352,1351,trưa,noon,79
1353,1352,chanh,lemon,18
1354,1353,chuối,"banana, bananas",18
1355,1354,trái cây,fruit,79
1356,1355,tối,"dark, evening, night",11
1357,1356,canh,soup,12
1358,1357,thức ăn,food,20
1359,1358,dầu ăn,cooking oil,20
1360,1359,rượu,"alcohol, wine",16
1361,1360,thắt lưng,belt,39
1362,1361,áo lạnh,sweater,38
1363,1362,khăn quàng,"scarf, scarves",46
1364,1363,tất,socks,11
1365,1364,ủng,boots,80
1366,1365,đôi,"two, pair of, pairs",6
1367,1366,giày,"shoes, shoe, the shoes",14
1368,1367,đội,"wears, the team, team",6
1369,1368,quần,"pants, trousers",16
1370,1369,mang,"is, wears, carrying",15
1371,1370,mũ,hat,3
1372,1371,váy,skirt,12
1373,1372,cởi,take off,65
1374,1373,mặc,"wear, wears",71
1375,1374,áo,shirt,1
1376,1375,đầm,dress,6
1377,1376,khỉ,monkey,7
1378,1377,voi,elephant,12
1379,1378,chuột,mouse,18
1380,1379,ngựa,horse,72
1381,1380,trâu,buffalo,17
1382,1381,heo,pig,68
1383,1382,rùa,"turtle, tortoise",10
1384,1383,rồng,dragon,16
1385,1384,cá sấu,alligator,47
1386,1385,chim,bird,13
1387,1386,chuồn chuồn,dragonfly,25
1388,1387,thỏ,"rabbit, rabbits, bunny",11
1389,1388,gấu,bear,62
1390,1389,rắn,snake,75
1391,1390,bò,"ox, cow, bull",1
1392,1391,vịt,duck,12
1393,1392,động vật,"animals, animal",58
1394,1393,sở thú,zoo,53
1395,1394,trái,"(classifier for fruits), the, left",17
1396,1395,quả,"(classifier), fruit",10
1397,1396,tờ,sheet,79
1398,1397,cuốn,"classifier of documents and stories, the, roll",66
1399,1398,hẹn gặp lại,"see you later, see you again, see you",68
1400,1399,lặp lại,"repeat, repeats",38
1401,1400,cẩn thận,"be careful, look out, carefully",50
1402,1401,cứ tự nhiên,help yourself,57
1403,1402,làm ơn,please,44
1404,1403,việt,Vietnamese,17
1405,1404,bình thường,"normal, usual",54
1406,1405,buổi,"the, session",60
1407,1406,vẫn,"yet, still",80
1408,1407,ổn,fine,74
1409,1408,chào mừng,welcome,41
1410,1409,tên,"name, first name, title",77
1411,1410,tạm biệt,"goodbye, bye",23
1412,1411,không phải là,"not, wasn't, am not",44
1413,1412,cam,orange,5
1414,1413,nó,"he, it's, it",3
1415,1414,việt nam,"Vietnam, Vietnamese",81
1416,1415,hay,"well, in ... or, interesting",7
1417,1416,ly,"cup, cups, glass",2
1418,1417,gọi,"orders, call, order (food)",7
1419,1418,cơm,rice,65
1420,1419,tạp chí,magazine,24
1421,1420,đĩa,"dish, plate",66
1422,1421,họ,"they, they are, they're",68
1423,1422,thực đơn,menu,30
1424,1423,bánh,"cake, cookie, pie",12
1425,1424,báo,"newspaper, journal, paper",4
1426,1425,đọc,"read, reads",67
1427,1426,tập,practice,76
1428,1427,ngã,fall,9
1429,1428,vĩnh viễn,forever,59
1430,1429,vẽ,"draw, draws, drawing",4
1431,1430,mẫu giáo,kindergarten,32
1432,1431,dũng cảm,"brave, courageous",24
1433,1432,giàu,rich,14
1434,1433,sợi dây,string,28
1435,1434,thư,letter,11
1436,1435,tờ giấy,paper,32
1437,1436,giấu,hide,14
1438,1437,phòng,room,74
1439,1438,ghế,chair,62
1440,1439,ghi âm,"record, records",67
1441,1440,phường,ward,75
1442,1441,phà,ferry,74
1443,1442,mây,cloud,8
1444,1443,chim sẻ,sparrow,65
1445,1444,chia sẻ,share,65
1446,1445,sấm sét,thunder,76
1447,1446,đom đóm,firefly,67
1448,1447,xe đạp,"bike, bicycle",82
1449,1448,cây tre,bamboo,56
1450,1449,đu đủ,papaya,18
1451,1450,dì,aunt,2
1452,1451,dê,goat,2
1453,1452,đu quay,ferris wheel,47
1454,1453,ô,umbrella,1
1455,1454,nhà ga,train station,73
1456,1455,găng tay,glove,49
1457,1456,dơ,dirty,2
1458,1457,dơi,bat,67
1459,1458,an,An (proper name),1
1460,1459,cắn,bite,5
1461,1460,gà,chicken,62
1462,1461,ong,bee,10
1463,1462,cá,fish,1
1464,1463,ca,"mug, shift",1
1465,1464,cái,"the, a, (classifier)",64
1466,1465,các,(indicates plurality),64
1467,1466,mình,"I'm, I, herself",15
1468,1467,kia,"that, those, other",70
1469,1468,cô gái,"the girl, girl, girls",60
1470,1469,cậu bé,"boy, The boy",64
1471,1470,bé gái,girl,63
1472,1471,táo,apple,76
1473,1472,uống,"drink, has, drinks",80
1474,1473,nước ép,juice,74
1475,1474,đàn ông,"men, man",66
1476,1475,phụ nữ,"woman, women, female",75
1477,1476,đứa trẻ,"kid, child",56
1478,1477,bánh mì,bread,41
1479,1478,gia đình,family,29
1480,1479,mèo,cat,71
1481,1480,chó,dog,5
1482,1481,con,"little, kid, child",5
1483,1482,ghét,"hate, hates, hated",67
1484,1483,con gái,"daughter, girl",83
1485,1484,vợ,"wife, spouse",81
1486,1485,chồng,"husband, husbands",18
1487,1486,con trai,"son, boy",83
1488,1487,em gái,younger sister,83
1489,1488,diễn,"show, perform, action",83
1490,1489,em trai,younger brother,83
1491,1490,diễn viên hài,comedian,59
1492,1491,yêu,"love, loves, loving",82
1493,1492,người mẫu,"model, models",83
1494,1493,bố mẹ,parents,41
1495,1494,đứa con,"child, children, baby",83
1496,1495,nấu ăn,"cook, cooks, cooking",83
1497,1496,sinh viên,"student, the students, students",83
1498,1497,nấu,"to cook, cook, cooking",9
1499,1498,trở thành,"become, get, becoming",50
1500,1499,đô,dollar,83
1501,1500,trăm,hundred,79
1502,1501,mua,buy,9
1503,1502,đi nào,let's go,83
1504,1503,đồng,"VND, dong, bronze",14
1505,1504,mua sắm,"shop, shopping",83
1506,1505,đi,"travel, wear (refers to shoes), to go",2
1507,1506,nghìn,"thousand, thousands, 1000",19
1508,1507,chiếc váy,skirt,83
1509,1508,đẹp,"beautiful, pretty",61
1510,1509,chiếc áo,shirt,83
1511,1510,rẻ,cheap,3
1512,1511,thật,"real, so, really",77
1513,1512,đắt tiền,expensive,83
1514,1513,cửa hàng,store,83
1515,1514,quá,"too, so, very",10
1516,1515,này,"this, these, hey",9
1517,1516,ga,"station, gas",84
1518,1517,trạm,"station, stations",84
1519,1518,đặt chỗ,"make a reservation, reservation",84
1520,1519,biết,"knows, know, knowing",63
1521,1520,không,"do not, no, weren't",18
1522,1521,xe buýt,bus,82
1523,1522,cần,"need, require/requires (verb), need/needs (verb)",5
1524,1523,sân bay,"airport, airports",76
1525,1524,vé,ticket,4
1526,1525,xe taxi,"taxi, taxis, (a) taxi",84
1527,1526,tàu hoả,train,34
1528,1527,máy bay,"airplane, plane",71
1529,1528,bay,"flies, blown, fly",4
1530,1529,bằng,"with, as, equals",12
1531,1530,cảm ơn,"thanks, thank you",44
1532,1531,đi du lịch,"travelling, traveling, travel",84
1533,1532,từ điển,"dictionary, dictionaries",28
1534,1533,rất,"extremely, very much, so",75
1535,1534,vở,notebook,84
1536,1535,quyển,"the, (classifier)",19
1537,1536,sách,book,76
1538,1537,đúng,right,14
1539,1538,câu trả lời,answer,84
1540,1539,thông minh,"smart, intelligent",78
1541,1540,tốt,"well, fine, great",11
1542,1541,câu hỏi,question,84
1543,1542,bạn học,classmate,84
1544,1543,bọn họ,they,84
1545,1544,cũng,"too, also, as well",13
1546,1545,học sinh,student,68
1547,1546,ngôi trường,school,84
1548,1547,học,"school, take lessons, to learn",68
1549,1548,khách sạn,"hotel, hotels",47
1550,1549,làm việc,"work, working, works",84
1551,1550,nhà vệ sinh,bathroom,84
1552,1551,món,"dish, kind, (indicates item of food)",8
1553,1552,ngân hàng,bank,72
1554,1553,nổi tiếng,"famous, popular",73
1555,1554,đó,"that, those, there",2
1556,1555,cho tôi hỏi,excuse me,84
1557,1556,nhà hàng,restaurant,73
1558,1557,đâu,"where, where is ... ?, which",6
1559,1558,ở đâu,"where, where does ... ?, where is ... ?",84
1560,1559,căn nhà,house,84
1561,1560,sống,"alive, live, living",17
1562,1561,chiếc,"the, ones",18
1563,1562,ở,"stayed, stayed in, has stayed in",1
1564,1563,xe ô tô,car,84
1565,1564,ăn,"eats, ate, eating",1
1566,1565,súp,soup,84
1567,1566,bát,bowl,4
1568,1567,đây,"this, is here, these",66
1569,1568,năm,"years, 5, year",9
1570,1569,bốn,"four, 4",64
1571,1570,mì,noodles,84
1572,1571,có,"is, there are, with",1
1573,1572,phở,"pho, phở",74
1574,1573,thích,"like, likes",20
1575,1574,ba,"third, father, dad",1
1576,1575,bàn,"the table, table, the desk",4
1577,1576,bạn,"friends, you, friendship",4
1578,1577,hai,two,68
1579,1578,chúng tôi,"we, us",65
1580,1579,phải không,"is there ... ?, do ... ?, were ... ?",36
1581,1580,đến,"is, arrives, go",6
1582,1581,đến từ,"are from, comes from, come from",57
1583,1582,chị gái,older sister,84
1584,1583,mẹ,mom,3
1585,1584,Nhật,Japan,84
1586,1585,không phải,"not, is not, are not",44
1587,1586,anh,"English, the United Kingdom, England",4
1588,1587,anh trai,"older brother, elder brother",84
1589,1588,bố,"dad, father",1
1590,1589,của,"'s, of, '",6
1591,1590,bác sĩ,doctor,60
1592,1591,anh ấy,"he, him",21
1593,1592,cô ấy,"she, her",21
1594,1593,tiếng,"hour, hours, classifier for languages",20
1595,1594,nói,"spoken, speaks, to say",9
1596,1595,giáo viên,teacher,59
1597,1596,chúc ngủ ngon,good night,84
1598,1597,gặp lại sau,see you later,84
1599,1598,chào tạm biệt,"bye, goodbye",84
1600,1599,buổi tối,"evening, night",84
1601,1600,gặp,"encountered, dealing, meeting",62
1602,1601,khoẻ,"well, strong, fine",14
1603,1602,dạo này bạn thế nào,"what's up, how are you doing",84
1604,1603,đói,hungry,84
1605,1604,mọi người,"everybody, everyone, people",43
1606,1605,buổi sáng,morning,84
1607,1606,sáng,"morning, bright, light",17
1608,1607,xin chào,"hello, hi",84
1609,1608,muốn,want,15
1610,1609,đường,sugar,18
1611,1610,với,"with, plus, at",12
1612,1611,sữa,milk,10
1613,1612,đá,ice,2
1614,1613,nóng,hot,16
1615,1614,và,and,4
1616,1615,một,"an, a, first",8
1617,1616,tách,cup,84
1618,1617,trà,tea,79
1619,1618,vui lòng cho,please,84
1620,1619,cho,"for, let, lets",5
1621,1620,cà phê,coffee,64
1622,1621,hay là,or,84
1623,1622,xin lỗi,"apologize, sorry, excuse me",39
1624,1623,vâng,"yes, (politely)",17
1625,1624,xin,"beg, ask for, please",82
1626,1625,hộ chiếu,passport,25
1627,1626,nước,"water, country, countries",74
1628,1627,người,"people, (classifier for human), the",19
1629,1628,tôi,I,11
1630,1629,là,"is, am, being",2
1631,1630,chào,"hello, greets, hi",13
,,,,
