lesson,name
1,Lesson 1
2,Lesson 2
3,Lesson 3
4,Lesson 4
5,Lesson 5
6,Lesson 6
7,Lesson 7
8,Lesson 8
9,Lesson 9
10,Lesson 10
11,Lesson 11
12,Lesson 12
13,Lesson 13
14,Lesson 14
15,Lesson 15
16,Lesson 16
17,Lesson 17
18,Lesson 18
19,Lesson 19
20,Lesson 20
21,Lesson 21
22,Lesson 22
23,Lesson 23
24,Lesson 24
25,Lesson 25
26,Lesson 26
27,Lesson 27
28,Lesson 28
29,Lesson 29
30,Lesson 30
31,Lesson 31
32,Lesson 32
33,Lesson 33
34,Lesson 34
35,Lesson 35
36,Lesson 36
37,Lesson 37
38,Lesson 38
39,Lesson 39
40,Lesson 40
41,Lesson 41
42,Lesson 42
43,Lesson 43
44,Lesson 44
45,Lesson 45
46,Lesson 46
47,Lesson 47
48,Lesson 48
49,Lesson 49
50,Lesson 50
51,Lesson 51
52,Lesson 52
53,Lesson 53
54,Lesson 54
55,Lesson 55
56,Lesson 56
57,Lesson 57
58,Lesson 58
59,Lesson 59
60,Lesson 60
61,Lesson 61
62,Lesson 62
63,Lesson 63
64,Lesson 64
65,Lesson 65
66,Lesson 66
67,Lesson 67
68,Lesson 68
69,Lesson 69
70,Lesson 70
71,Lesson 71
72,Lesson 72
73,Lesson 73
74,Lesson 74
75,Lesson 75
76,Lesson 76
77,Lesson 77
78,Lesson 78
79,Lesson 79
80,Lesson 80
81,Lesson 81
82,Lesson 82
