vi,en,lesson
á,ah,1
ở,live,1
ô,umbrella,1
ư,uh,1
ai,who,63
ám,haunt,63
ăn,eat,1
an,safe,1
áo,shirt,1
âu,European,1
bà,grandma,1
ba,three,1
bị,bag,1
bỉ,Belgium,1
bộ,set,1
bố,dad,1
bò,cow,1
cả,chief,1
cá,fish,1
ca,shift,1
cò,trigger,1
có,have,1
cổ,neck,1
cỏ,grass,1
cờ,flag,1
cũ,old,2
cú,owl,2
da,skin,2
dễ,easy,2
dê,goat,2
dì,aunt,2
dơ,dirty,2
đá,stone,2
đã,satisfied,2
để,to,2
đi,go,2
đỏ,red,2
đó,there,2
đỡ,support,2
đo,measure,2
đủ,enough,2
em,you,67
gà,chicken,62
gì,what,62
hè,summer,68
họ,surname,68
ít,little,69
kể,tell,69
là,to be,2
lá,leaf,2
lạ,strange,2
lẻ,odd,2
ly,glass,2
ma,ghost,3
mà,but,3
me,tamarind,3
mẹ,mom,3
mơ,dream,3
mở,open,3
mũ,hat,3
mỹ,America,3
nổ,explode,3
nó,it,3
no,full,3
ôm,hug,74
ổn,fine,74
ớt,chilli,74
rẻ,cheap,3
rễ,root,3
sẽ,will,76
sợ,scared,3
số,number,3
sự,consistency,3
tệ,bad,77
tờ,sheet,79
tự,on one's own,3
tư,private,3
từ,from,3
tù,prison,3
tỷ,dollar,80
úc,Australia,80
và,and,4
vé,ticket,4
về,about,4
vẽ,draw,4
vị,taste,4
vì,because,4
ví,wallet,4
vợ,wife,81
xa,distant,82
xe,car,82
ảnh,image,4
anh,older brother,4
bắc,north,60
bài,post,63
bán,sell,4
bạn,you,4
bản,copy,4
bàn,table,4
bao,bag,4
báo,newspaper,4
bát,bowl,4
bật,bounce,4
bay,fly,4
bảy,seven,4
bên,beside,63
bếp,kitchen,63
bởi,by,4
bơi,swim,4
bốn,four,64
bột,flour,64
búa,hammer,5
bữa,meal,5
bức,pervasive,64
các,the,64
cái,female,64
cấm,ban,5
cam,orange,5
cần,need,5
cắn,bite,5
căn,base,5
cao,high,5
cáo,fox,5
cát,sand,64
cầu,bridge,5
câu,sentence,5
cây,tree,64
chỉ,only,5
chị,older sister,5
cho,give,5
chợ,market,5
chờ,wait,5
chó,dog,5
chú,uncle,65
cởi,take off,65
cơm,rice,65
cơn,attack,5
con,child,5
của,belong to,6
cửa,door,6
cừu,sheep,6
cứu,rescue,6
dài,long,66
dám,dare,66
dao,knife,61
dậy,wake up,6
dạy,teach,6
dép,sandal,61
dơi,bat,67
dừa,coconut,61
đậm,dark,6
đầm,dress,6
đàn,lit,6
đạn,bullet,6
đảo,island,61
đắt,expensive,6
đất,land,6
đầu,head,6
đâu,where,6
đau,painful,6
đây,this,66
đen,black,6
đèn,lamp,6
đến,arrive,6
đẹp,beautiful,61
đều,even,66
đĩa,plate,66
đoá,maximum,67
đọc,read,67
đội,team,6
đợi,wait,6
đôi,pair,6
đưa,give,61
đức,virtue,61
ếch,frog,67
gái,girl,62
gần,near the,62
gặp,meet,62
gấu,bear,62
gãy,broken,62
ghế,chair,62
giá,price,62
gió,wind,7
giờ,hour,7
giữ,hold,7
gọi,call,7
gửi,send,7
hai,two,68
hát,sing,7
hay,good,7
hãy,let's,7
heo,pig,68
hết,run out of,7
hoa,flower,68
học,learn,68
hỏi,ask,7
hơi,steam,7
hòn,island,7
hơn,than,7
hôn,kiss,7
hộp,box,68
huế,hue,68
ích,useful,69
kém,least,69
kéo,drag,69
khỉ,monkey,7
khi,when,7
khó,difficult,69
kia,there,70
lạc,lost,70
lái,driving,7
lại,again,7
làm,do,7
lăm,five,7
làn,lane,8
lần,time,8
lấy,take,70
lên,go up,70
lợi,profit,8
lỗi,error,8
lớn,big,70
lửa,fire,71
lúc,at the time,71
mặc,wear,71
mái,roof,71
mắt,eye,8
mặt,face,8
mất,lost,8
màu,color,8
máu,blood,8
mây,cloud,8
máy,machine,8
mèo,cat,71
mét,meter,71
mọi,all,8
mời,invite,8
mỗi,each,8
mới,new,8
môn,subject,8
món,dish,8
mốt,fashion,8
một,one,8
mùa,season,9
mua,buy,9
mưa,rain,9
múa,dance,9
mũi,nose,72
nam,male,9
năm,year,9
nấm,mushroom,9
nào,any,9
não,brain,9
nấu,cook,9
nâu,brown,9
nay,now,9
này,this,9
nền,background,9
nên,should,9
nếu,if,72
nga,Russia,9
ngã,fall,9
ngủ,sleep,72
nhà,home,73
nhớ,miss,9
nhỏ,small,9
như,like,73
nói,speak,9
nơi,place,9
nửa,half,73
núi,mountain,73
núp,hide,74
ong,bee,10
ông,grandfather,10
phà,ferry,74
phi,fly,74
phở,noodle soup,74
pin,battery,75
quà,gift,10
quả,fruit,10
quá,too,10
quỹ,fund,75
rắn,snake,75
rất,very,75
rau,vegetable,75
rồi,already,75
rửa,wash,10
rùa,turtle,10
sai,wrong,76
sân,yard,76
sáo,flute,10
sao,Star,10
sắp,about to,76
sau,after,10
sáu,six,10
say,drunk,10
séc,Czech,76
sói,wolf,10
sớm,early,76
sữa,milk,10
sửa,fix,10
tại,in,10
tai,ears,10
tám,eight,10
tắm,take a shower,10
tấm,sheet,10
táo,apple,76
tập,practice,76
tắt,turn off,11
tất,socks,11
tây,west,77
tên,name,77
tết,Tet,77
thà,rather,77
thì,then,77
thơ,verse,11
thờ,worship,11
thỏ,rabbit,11
thứ,rank,11
thư,letters,11
thu,collect,11
thứ,rank,11
thử,try,11
tìm,find,11
tím,purple,11
tin,believe,78
tóc,hair,79
tới,next,11
tôi,I,11
tối,dark,11
tốt,good,11
trà,tea,79
trẻ,young,11
tre,bamboo,11
túi,bag,11
tuy,although,11
ủng,boot,80
ước,wish,80
vẫn,still,80
vào,enter,80
vậy,so,12
váy,dress,12
vẹt,parrot,12
vịt,duck,12
với,with,12
voi,elephant,12
vua,king,81
xám,grey,12
xấu,bad,82
xây,build,82
xem,see,12
xin,ask for,82
yêu,love,82
bằng,equal,12
bánh,cake,12
bệnh,sick,12
biển,sea,12
biết,know,63
bóng,ball,12
bỗng,suddenly,12
buộc,tie,60
buổi,session,60
buồn,sad,12
canh,soup,12
cạnh,edge,12
cành,branch,12
chai,bottle,64
chạm,touch,12
chậm,slow,12
chân,foot,12
chào,hello,13
châu,continent,13
chay,vegetarian,13
chạy,run,13
chết,die,65
chim,bird,13
chín,ripe,13
chơi,play,65
chọn,select,65
chưa,not yet,13
chùa,pagoda,13
chữa,cure,13
chứa,contain,13
công,labour,13
cũng,also,13
cùng,together,13
cúng,worship,13
cuộc,convergence,66
cưới,marry,13
cười,laugh,13
cuốn,coil,66
dành,spend,61
diều,kite,61
dùng,use,14
dừng,stop,14
dưới,below,62
đảng,party,13
đang,in progress,13
điểm,point,67
điều,thing,61
đông,winter,14
đồng,copper,14
đừng,do not,14
đúng,correct,14
đứng,stand,14
được,Okay,62
đuôi,tail,62
ghét,hate,67
giấc,sleep,62
giảm,reduce,62
giàu,rich,14
giấu,hide,14
giây,second,14
giày,shoe,14
giấy,paper,14
giết,kill,67
giữa,between,67
giúp,help,67
hang,cave,68
hiểu,understand,68
hoặc,or,68
hoãn,delay,68
hồng,pink,68
kênh,channel,69
khác,other,14
khám,examination,69
khóc,cry,14
khoẻ,strong,14
khói,smoke,14
kiếp,lifetime,70
kính,glasses,70
làng,village,14
lạnh,cold,14
lịch,calendar,70
liềm,sickle,14
lính,soldier,14
loại,type,70
luật,law,71
lưng,back,15
lược,comb,15
lưỡi,tongue,15
luôn,always,15
lượt,turn,15
mang,carry,15
mạng,network,15
mì ý,pasta,15
mình,me,15
mươi,fifty,15
muỗi,mosquito,15
muối,salt,15
mười,ten,15
muốn,want,15
nặng,heavy,72
ngắn,short,72
ngày,day,15
nghe,listen,15
nghĩ,think,72
ngôi,throne,15
ngồi,sit,15
ngon,tasty,72
ngựa,horse,72
ngực,chest,72
nhấc,lift,15
nhạc,music,15
nhắm,aim,16
nhẫn,ring,16
nhạt,bland,16
nhất,best,16
nhật,Japan,16
nhảy,dance,73
nhện,spider,16
nhìn,look,16
nhóm,group,16
nóng,hot,16
nước,water,74
phải,right,74
pháp,France,74
phim,movie,74
phút,minute,75
quận,district,16
quần,trousers,16
quạt,fan,75
quên,forget,16
rằng,That,16
răng,tooth,16
rồng,dragon,16
rộng,wide,16
rừng,forest,16
rưỡi,half,16
rượu,alcohol,16
sách,book,76
sáng,bright,17
sống,living,17
sóng,wave,17
sông,river,17
súng,gun,17
sừng,horn,17
suýt,almost,76
tăng,increase,17
tặng,donate,17
thăm,visit,77
thấp,short,77
thật,Real,77
thấy,see,77
theo,according to,77
thịt,meat,77
thuế,tax,78
tiền,money,78
tivi,television,78
toán,maths,79
trái,left,17
trai,male,17
trăm,hundred,79
trầu,betel,17
trâu,buffalo,17
trên,above,79
trời,God,17
trộn,mix,79
trưa,lunch,79
tuần,week,80
tuổi,year old,80
uống,drink,80
vàng,yellow,17
vâng,yes,17
việc,job,81
viện,institute,81
việt,Vietnamese,17
viết,write,17
vùng,region,81
xinh,pretty,82
xuân,spring,82
y tá,nurse,49
ấn độ,India,29
ba lô,backpack,63
bố mẹ,parents,41
ca sĩ,singer,64
chanh,lemon,18
chiếc,pieces,18
chiều,afternoon,18
chính,main,18
chống,resist,18
chồng,husband,18
chú ý,attention,18
chuối,banana,18
chuột,mouse,18
cô ấy,she,21
có lẽ,maybe,38
có vẻ,seemingly,58
dự án,project,18
dụ dỗ,enticement,29
đổ bộ,landing,23
đô la,dollar,18
đu đủ,papaya,18
đường,road,18
gương,mirror,18
hồ sơ,file,48
hướng,direction,18
kẻ ác,wicked,69
khoác,coat,18
không,are not,18
khuôn,mold,18
kỹ sư,engineer,19
ký ức,memory,19
lì xì,lucky money,19
luyện,practice,71
lý do,reason,29
miệng,mouth,19
muỗng,spoon,19
ngành,branch,19
nghèo,poor,19
nghìn,thousand,19
ngoài,outside,19
ngoan,good,19
người,people,19
nhanh,fast,19
nhiêu,many,19
nhiều,much,19
những,those,19
nhưng,but,19
nô lệ,slave,38
ở đây,here,28
ở trọ,accommodation,57
phòng,room,74
quyền,right,19
quyển,book,19
tháng,month,19
thắng,win,19
thang,ladder,19
thích,prefer,20
thiệp,card,20
thuốc,medicine,20
tiếng,language,20
tò mò,curious,41
trắng,white,20
triệu,million,20
trồng,plant,20
trong,in,20
trứng,egg,20
trước,before,20
tự do,free,29
tử tế,kind,20
tử vi,horoscope,20
tỷ lệ,proportion,20
ví dụ,for example,31
xa xỉ,luxury,82
ai cập,Egypt,24
ám chỉ,allude,24
ăn năn,repentant,41
anh ấy,he,21
áo dài,frock,27
ba lan,Poland,63
bác sĩ,doctor,60
bản án,judgment,20
bản đồ,map,29
bảo vệ,protect,58
bé gái,baby girl,63
béo bở,fat,23
bí mật,secret,40
bó tay,give up,49
bởi vì,because,59
bụ bẫm,plump,21
cả hai,both,33
cá heo,dolphin,64
cá mập,shark,64
cà phê,coffee,64
cá sấu,crocodile,47
cả tin,gullible,55
cảm ơn,Thanks,44
căn cứ,base,26
canada,Canada,64
cấp độ,level,29
cắt cổ,neck cut,26
cậu bé,little boy,64
cho dù,even though,31
chữ ký,signature,37
chương,chapter,65
chuyến,trip,65
cô đơn,lonely,30
cô gái,girl,60
cơ hội,opportunity,34
có thể,maybe,51
cơ thể,body,51
cố thủ,entrenched,53
cụ thể,specifically,51
cửa sổ,window,48
dài cổ,long neck,26
dân số,population,48
dầu ăn,oil,20
di sản,heritage,47
di tản,evacuate,66
di trú,immigration,57
dở hơi,crazy,34
dù sao,anyway,61
đam mê,passion,41
đáp án,answer,20
đập vỡ,smash,59
đầu tư,invest,57
đe doạ,threat,66
đề tài,subject,49
đến từ,adverb,57
địa lý,geography,40
độ sâu,depth,47
đồng ý,agree,67
gặp gỡ,encounter,67
ghi âm,record,67
giường,bed,67
hà lan,Netherlands,68
hà nội,Hanoi,44
hệ quả,consequences,46
hỗ trợ,support,57
hoạ sĩ,artist,68
hòn đá,stone,27
hy lạp,Greek,38
ích kỷ,selfish,37
kẻ thù,enemy,53
khoảng,about,69
khuyên,advise,70
la bàn,compass,21
lá bùa,charm,70
lạc đà,camel,27
làm ăn,do business,20
làm ơn,Please,44
lễ hội,festival,34
lệ phí,fees,45
ly hôn,divorce,35
mà còn,but also,71
mặc dù,in spite of,31
mê tín,superstition,55
mồ côi,orphaned,71
nhà ga,station,73
nha sĩ,dentist,73
nhà sư,monk,48
nhà tù,prison,57
nỗ lực,effort,39
nón lá,conical,37
phụ nữ,women,75
phường,ward,75
rủi ro,risk,47
sở hữu,own,76
sở thú,zoo,53
so với,compared to,59
sụp đổ,fall,29
tài xế,driver,60
tạo ra,create,76
tất cả,all,23
thế hệ,generation,77
thế kỷ,century,37
thủ đô,capital,29
thư ký,secretary,37
thứ tư,Wednesday,57
thuyết,preach,78
tìm ra,find,78
toà án,court,20
tốc độ,speed,29
tối đa,maximum,27
trở về,return,58
trường,school,79
tư bản,capital,21
tự hào,proud,33
tự tin,confident,55
tỷ giá,exchange rate,31
ủng hộ,donate,34
uỷ ban,committee,21
vấn đề,problem,28
vật lý,physics,40
vậy mà,but,80
vẻ đẹp,beauty,80
vĩ cầm,violin,24
vị trí,location,56
vớ vẩn,nonsense,58
vũ khí,weapon,36
vũ trụ,universe,57
vui vẻ,happy,58
xã hội,society,34
xảy ra,happen,82
xe đạp,bicycle,82
xe hơi,car,34
xe máy,motorbike,82
xu thế,trend,51
ý kiến,opinion,37
yếu tố,element,82
an ninh,security,63
an toàn,safe,56
áo lạnh,frozen,38
bài báo,article,22
bài hát,song,63
bạn gái,girlfriend,63
bàn tay,hand,49
bánh mì,bread,41
báo cáo,report,63
báo chí,press,24
bao gồm,include,33
bạo lực,violent,39
bảo thủ,conservative,53
bất cẩn,careless,24
bắt đầu,begin,27
bắt giữ,arrest,32
bất lợi,adverse,39
bất ngờ,surprise,43
bây giờ,now,32
bóc lột,exploit,63
bóng rổ,basketball,47
bừa bãi,indiscriminate,21
bực bội,annoyed,23
bụi bặm,dust,21
bút chì,pencil,24
cà chua,tomato,25
cá nhân,individual,43
cảm cúm,flu,64
cầu thủ,player,53
cây tre,bamboo,56
che chở,protect,65
chỉ huy,command,65
chi phí,expense,45
chia sẻ,share,65
chim sẻ,sparrow,65
cố gắng,try,60
cố tình,deliberately,55
cộc cằn,rough,24
cơm bụi,dusty rice,65
cơn bão,storm,22
còn hơn,more,35
công lý,justice,40
công ty,company,66
dân chủ,democracy,25
dang dở,unfinished,29
danh dự,honor,31
dễ dàng,easy,27
di chúc,testament,25
dịch vụ,service,59
dự đoán,forecast,29
du kích,guerrilla,61
du lịch,tourism,61
duy trì,maintain,56
đã từng,used to,61
đại học,university,60
đàn ông,man,66
đăng ký,register,37
đáng nể,respectable,42
đanh đá,stone,27
đạo đức,morality,30
đầu bếp,chef,66
đau đớn,painful,30
đến lúc,time,39
địa chỉ,address,24
độc lập,independence,38
đôi khi,sometimes,36
đối mặt,facing,40
đom đóm,firefly,67
đồng hồ,clock,34
đu quay,swing,47
đứa trẻ,kid,56
gan góc,grit,32
gần như,almost,62
ghen tị,jealous,62
ghi chú,note,25
giá trị,value,56
giận dữ,furious,31
giáo sư,professor,48
hành lý,luggage,40
hành vi,behavior,59
hậu quả,consequence,46
hết hạn,expired,33
họ hàng,relative,68
hoá đơn,invoice,30
hoá học,chemistry,68
hỏi giờ,breath,32
hôm nay,today,42
hôm qua,yesterday,46
hơn nữa,furthermore,68
hợp tác,cooperate,49
hy vọng,hope,68
kế toán,accountant,56
kéo dài,lengthen,27
kết nối,connect,44
kết quả,result,46
khí hậu,climate,69
khi nào,When,41
khu vực,area,70
kinh tế,economy,50
ký hiệu,symbol,33
kỹ năng,skill,41
làm bạn,make friends,21
làm sao,how,70
lặng lẽ,quiet,38
lặp lại,repeat,38
lâu đài,castle,27
lây lan,spread,70
leo cây,climb,70
lịch sự,polite,48
lịch sử,history,48
liên hệ,contact,70
liệt kê,list,35
lo lắng,worry,38
lơ lửng,floating,39
lợi thế,advantageous,51
lớp học,class,70
luật sư,lawyer,48
lúc này,now,42
mà cũng,but also,26
mạnh mẽ,strong,41
mẫu vật,sample,58
máy ảnh,camera,21
máy bay,plane,71
mấy giờ,what time,32
may mắn,lucky,40
mệt mỏi,tired,41
mọi thứ,everything,53
một khi,once,36
nam cực,Antarctica,26
nam phi,South Africa,45
nặng nề,heavy,42
nghệ sĩ,artist,72
ngư dân,fisherman,27
nhà báo,journalist,22
nhà hát,theater,73
nhà thơ,poet,52
nhà thờ,church,52
nhà văn,writer,58
nhạc sĩ,musician,73
nhận ra,realize,73
nhật ký,diary,37
như vậy,thus,73
nổi bật,outstanding,22
nổi dậy,revolt,28
nội địa,inland,28
nụ cười,smile,26
núi lửa,volcano,39
nước ép,juice,74
ổn định,stable,29
phá sản,bankrupt,47
phù hợp,fit,35
qua đời,death,30
quá khứ,past,75
quản lý,manage,40
quân sự,military,48
quốc tế,international,50
quý giá,valuable,31
ria mép,mustache,75
rõ ràng,clear,47
sài gòn,Saigon,33
sấm sét,thunder,76
sân bay,airport,76
sao hoả,Mars,34
sao kim,Venus,76
sao mộc,Jupiter,41
sao thổ,Saturn,52
sau khi,after,36
số phận,fate,44
so sánh,compare,47
sợi dây,rope,28
sử dụng,use,31
sự kiện,event,37
sự thật,truth,76
tác giả,author,31
tai nạn,accident,41
tâm trí,mind,56
tàn phá,devastated,44
tạp chí,magazine,24
tàu hoả,train ship,34
tê giác,rhino,32
tên lửa,missile,39
tha thứ,forgive,53
thái độ,attitude,29
thật là,truly,37
thật sự,actually,48
thế nào,how,41
thị lực,vision,39
thợ mộc,carpenter,41
thời sự,news,48
thu hút,attract,78
thủ thư,maiden,53
thức ăn,food,20
thuỵ sĩ,Switzerland,78
tiền tệ,money,50
tổ chức,organization,25
tờ giấy,paper,32
tổ tiên,ancestor,79
toà nhà,building,44
tối nay,tonight,42
tồn tại,exist,49
trả lời,reply,39
trở lại,return,38
trở nên,become,42
trừ khi,unless,36
tù binh,prisoner,23
từ chức,resign,25
từ điển,dictionary,28
tủ lạnh,fridge,38
tự mình,myself,80
tư nhân,private,43
ung thư,cancer,53
vai trò,role,57
văn bản,document,21
văn hoá,culture,34
văn học,literature,80
vận tốc,speed,80
vật thể,object,51
vậy nên,so,42
vệ sinh,toilet,80
vệ tinh,satellite,55
vẻ vang,glorious,80
vòng vo,ring,59
vừa mới,just,41
xe buýt,bus,82
xin lỗi,sorry,39
ý tưởng,idea,57
yêu cầu,request,82
âm thanh,sound,50
anh hùng,hero,35
ánh sáng,light,47
bãi biển,beach,22
bàn chải,brush,63
bàn chân,foot,24
bàn phím,keyboard,45
bản thân,self,50
bẩn tính,dirty calculation,55
bạn trai,boyfriend,56
bảnh bao,dashing,22
bảo hiểm,insurance,33
bảo tàng,museum,49
bắt giam,arrest,32
bầu trời,sky,63
biến mất,disappear,40
bỏ phiếu,vote,45
bóc lịch,calendar,63
bưng bít,hover,60
bưu điện,post office,28
cảm thấy,feel,51
cằn nhằn,grumble,43
cần phải,must,44
cẩn thận,careful,50
cảnh sát,police,64
cánh tay,arm,49
chăm chỉ,hard-working,24
chăm sóc,take care of,64
chi tiết,detail,60
cho phép,allow,65
cho rằng,assume,47
chủ nhật,Sunday,44
chuẩn bị,prepare,22
công dân,citizen,27
cộng hoà,republic,34
cộng sản,communist,47
cứng đầu,stubborn,27
cuộc hẹn,appointment,66
cuộc họp,meeting,35
cuộc thi,competition,51
diễn đàn,forum,27
dịu dàng,tender,27
dõng dạc,litter,67
du khách,tourist,61
dũng cảm,brave,24
duy nhất,only,67
đặc biệt,special,23
đại diện,represent,28
đài loan,Taiwan,60
đám cưới,wedding,26
đan mạch,Denmark,66
đạo phật,Buddhism,45
đầu hàng,surrender,66
đầu tiên,firstly,66
địa hình,topography,33
địa ngục,hell,66
điều tra,investigate,61
điều ước,treaty,61
đơn giản,simple,32
đông đúc,crowded,30
động vật,animal,58
găng tay,glove,49
gắt gỏng,cantankerous,33
gấu trúc,panda,67
gia đình,family,29
gia nhập,join,62
giai cấp,class,24
giám đốc,manager,62
giáo dục,education,30
giới hạn,limit,33
hài hước,humorous,35
hải quân,navy,46
hân hoan,joyful,34
hàn quốc,Korea,68
hạt nhân,nuclear,43
hệ thống,system,52
hiếm khi,seldom,36
hiện đại,modern,27
hiện tại,current,49
hiệu quả,effective,46
hình ảnh,image,21
hộ chiếu,passport,25
hoà bình,peaceful,23
hoàn hảo,perfect,33
học bổng,scholarship,23
học sinh,pupil,68
hội thảo,seminar,51
hôn nhân,marriage,43
hợp đồng,contract,30
huy động,mobilize,30
huyền bí,mystery,22
internet,internet,69
kế hoạch,plan,34
kết luận,conclude,39
kết thúc,end,54
khám phá,discover,44
khán giả,audiences,31
khó khăn,hard,35
khoá học,course,69
khoa học,science,69
không ai,no one,69
khủng bố,terrorism,23
kiểm tra,check,70
kinh phí,funding,45
lạc quan,optimistic,46
linh hồn,soul,35
lựa chọn,select,71
lưỡng lự,hesitating,71
màn hình,screen,33
mật khẩu,password,35
mặt trời,sun,71
mẫu giáo,kindergarten,32
máy giặt,washing machine,32
máy tính,computer,55
một cách,one-way,71
một chút,a little bit,71
mục đích,purpose,28
nam châm,magnet,72
nền tảng,foundation,49
ngẩn ngơ,bewildered,43
ngày mai,tomorrow,72
ngày mốt,daytime,41
nghĩa vụ,obligation,59
ngôi sao,star,72
ngọn đồi,hill,30
ngôn ngữ,language,43
ngón tay,finger,49
ngu ngốc,stupid,72
nhà hàng,restaurant,73
nhắc đến,mention,28
nhiệt độ,temperature,29
niềm tin,faith,55
niềm vui,fun,73
nội dung,content,31
nông dân,farmer,27
nồng nàn,passionate,41
nữ hoàng,queen,34
phản bội,betray,23
phản hồi,feedback,34
phần lan,Finland,74
phát huy,promote,74
phát xít,fascist,74
phía sau,behind,47
phổ biến,popular,22
phúc lợi,welfare,39
phức tạp,complicated,49
quân đội,army,30
quan tâm,care about,49
quần vợt,tennis,75
quốc gia,nation,31
quốc hội,National Assembly,34
rạp phim,cinema,45
rộn ràng,bustling,47
sản phẩm,product,44
sẵn sàng,ready,47
sản xuất,manufacture,76
sao thuỷ,Mercury,76
siêu thị,supermarket,51
sinh học,biology,76
số lượng,quantity,40
sức khoẻ,health,36
sức mạnh,power,40
tạm biệt,goodbye,23
tầm nhìn,vision,76
tạm thời,temporary,76
tấn công,attack,26
tập đoàn,group,29
tàu ngầm,submarine,76
tàu thuỷ,ships,76
thái lan,Thailand,77
thậm chí,even,24
tham gia,join,31
tham lam,greed,38
tháng tư,April,57
thất bại,failure,21
thầy bói,fortune teller,23
thay đổi,change,30
thế giới,world,32
thể thao,sport,51
thể tích,volume,54
thị thực,visa,54
thị trấn,town,77
thiên hà,galaxy,77
thiết bị,device,22
thiết kế,design,35
thoả mãn,satisfied,40
thư viện,library,59
thực đơn,menu,30
thực vật,plant,58
thuốc lá,tobacco,37
thuộc về,belong,58
thuỷ thủ,sailor,53
tích cực,positive,26
tiện lợi,convenient,39
tiền mặt,cash,40
tiếp tục,continue,57
tìm hiểu,learn about,33
tín hiệu,signal,33
tin nhắn,message,43
tình bạn,friendship,21
tình yêu,love,78
toả sáng,shine,47
tội phạm,criminal,44
tôn giáo,religion,32
trái cây,fruit,79
trái đất,Earth,79
trái tim,heart,79
trận đấu,match,27
trang bị,equipped,22
trình độ,level,29
trò chơi,game,79
tuyên bố,declare,23
ứng dụng,application,31
vâng lời,obey,39
vật chất,material,80
ven biển,coastal,22
việt nam,Vietnam,81
vô nghĩa,meaningless,42
với nhau,together,81
vũ trang,armed,56
xâm lược,aggression,40
xấu tính,disgusting,55
xây dựng,build,31
xuất bản,publish,21
yên lặng,quiet,38
yên tĩnh,quiet,55
ảnh hưởng,affect,35
bài giảng,lesson,32
bàn thắng,goal,50
bất kỳ ai,anyone,37
bắt nguồn,source,63
bệnh nhân,patient,43
bệnh viện,hospital,59
biên giới,border,32
biểu tình,protest,55
bình đẳng,equality,27
bình luận,comment,39
bình tĩnh,calm,55
bong bóng,balloon,23
cách mạng,revolution,40
cái gì đó,something,64
cải thiện,improve,52
cần thiết,necessary,64
cẳng chân,leg,24
cánh đồng,field,30
cảnh quan,landscape,46
chậm chạp,slow,64
chào mừng,welcome,41
chấp nhận,accept,43
chặt chém,slash,65
chạy trốn,escape,65
chen chúc,crowd,25
chỉ trích,criticize,60
chia buồn,condolences,65
chìa khoá,key,36
chiến đấu,fight,27
chín chắn,mature,24
chính phủ,government,46
chính trị,politics,56
chống lại,against,38
chủ nghĩa,tenet,42
chủ quyền,sovereignty,47
chứa chan,full,24
chúc mừng,congratulations,41
chúng tôi,we,65
con đường,road,31
con người,human,43
công cộng,public,26
công nghệ,technology,42
công nhân,worker,43
công thức,recipe,54
công viên,park,59
cũng được,that's OK,31
cùng nhau,together,66
cuộc sống,life,66
cuối cùng,final,26
danh sách,list,66
dễ thương,cute,54
dịch bệnh,pandemic,66
diễn viên,performer,59
dửng dưng,indifferent,31
đại dương,ocean,31
đăng nhập,log in,61
đạo khổng,Confucianism,36
đình công,strike,26
đồng bằng,plain,22
đường hầm,tunnel,67
đường phố,street,45
giải pháp,solution,45
giao dịch,transaction,28
giao tiếp,communicate,67
giáo viên,teacher,59
giấy phép,license,67
hành động,act,30
hạnh phúc,happy,46
hành tinh,planet,55
hào phóng,generous,45
hiến pháp,constitution,45
hiệu sách,bookstore,68
hình phạt,penalty,45
hoàn toàn,completely,56
indonesia,Indonesia,69
khắc phục,fix,46
khách sạn,hotel,47
khái niệm,concept,69
khiêm tốn,modest,69
không khí,air,36
không nên,should not,42
không thể,cannot,51
kiểm soát,control,70
kiên nhẫn,patient,43
kiến thức,knowledge,54
làm phiền,bother,45
lắng nghe,listen,42
lạnh lùng,cold,39
linh hoạt,flexible,34
lợi nhuận,profit,70
lối thoát,escape,52
lực lượng,force,40
lung linh,sparkling,71
lượng mưa,rainfall,71
lương tâm,conscience,49
luyện tập,practice,49
mạng lưới,network,71
mặt trăng,moon,56
mọi người,everybody,43
một ai đó,someone,71
năm ngoái,last year,72
ngân hàng,bank,72
ngày sinh,date of birth,72
ngoại trừ,except,57
nguồn gốc,source,32
ngưỡng mộ,admire,41
nguy hiểm,danger,33
nhận được,receive,31
nhận gạch,get bricks,73
nhãn hiệu,brand,33
nhân viên,staff,59
nhanh lên,hurry up,73
nhập khẩu,import,35
nhiếp ảnh,photographer,21
nội chiến,civil war,25
nói chung,general,25
nổi tiếng,famous,73
nông trại,farm,56
phân biệt,distinguish,23
phát hiện,detect,33
phát minh,invented,74
phiên bản,version,21
phòng ngủ,bedroom,43
phòng tắm,bathroom,49
phòng thủ,defense,53
phong tục,customs,57
phục kích,ambush,75
quân phục,military uniform,46
quảng cáo,advertisement,75
quốc tịch,nationality,54
quyền lực,power,39
ràng buộc,binding,75
sự bảo vệ,protection,22
sự đầu tư,investment,27
sự đồng ý,consent,30
sự nghiệp,career,42
sự sợ hãi,fear,48
sự ủng hộ,support,60
tài khoản,account,36
tàng hình,stealth,33
tập trung,concentrate,76
tàu chiến,battleship,25
tây ba lô,backpack,77
tháng một,January,41
thành phố,city,45
thảo luận,discuss,39
thập niên,decade,44
thắt lưng,belt,39
thất vọng,disappointed,77
thích hợp,fit,35
thiệt hại,damages,33
thời gian,time,32
thời tiết,weather,78
thông báo,notification,22
thông tin,information,55
thử thách,challenge,50
thuộc địa,colonial,28
thuỵ điển,Swedish,28
tiệm bánh,bakery,22
tiểu đoàn,battalion,29
tính cách,character,78
tình hình,situation,33
tối thiểu,minimum,52
tôn trọng,respect,79
tổng cộng,total,26
triết học,philosophy,79
triều đại,dynasty,27
trở thành,become,50
trốn thuế,tax evasion,79
trong khi,while,36
trọng tài,referee,49
trúng gió,apoplexy,32
trung tâm,center,49
trước khi,before,36
tượng đài,monument,27
tương lai,future,38
tuy nhiên,however,44
tuyệt đối,absolute,30
tuyệt vời,great,59
văn phòng,office,45
vĩnh viễn,permanent,59
vững chắc,strong,81
xuất hiện,appear,33
xuất khẩu,export,35
xứng đáng,worthy,27
bằng chứng,proof,25
bất thường,abnormal,54
biểu tượng,icon,57
bồ đào nha,Portugal,63
bộ sưu tập,collection,48
bướng bỉnh,stubborn,23
căng thẳng,stress,50
cạnh tranh,compete,64
câu chuyện,story,25
cầu nguyện,pray,43
chất lượng,quality,40
chiến dịch,campaign,28
chiến lược,strategy,40
chính sách,policy,65
chính thức,official,54
chứng minh,prove,65
chuyến bay,flight,65
dân thường,civilian,54
doanh nhân,businessmen,43
doanh trại,barracks,56
điện thoại,phone,52
định nghĩa,define,42
được không,is that okay,36
giải quyết,handle,47
giải thích,explain,62
giới thiệu,introduce,52
hành trình,trip,68
hiện tượng,phenomena,57
hình thành,form,50
huy chương,medal,25
khách hàng,client,69
khăn quàng,scarf,46
khẳng định,confirm,29
khối lượng,mass,40
không được,impossible,31
không gian,space,32
không phải,not,44
không quân,air force,46
kinh doanh,business,29
lan truyền,spread,70
lang thang,wandering,50
loài người,human,43
lời nguyền,curse,43
lười biếng,lazy,22
mất sổ gạo,lost rice book,48
mì ăn liền,instant noodles,20
mối đe doạ,threat,28
môi trường,environment,71
năng lượng,energy,40
nghệ thuật,art,72
nghiêm túc,serious,57
nghiên cứu,study,26
nhà sử học,historian,48
nhanh nhẹn,agile,73
phải không,right?,36
phát triển,develop,74
phép thuật,magic,74
phía trước,front,74
phong cách,style,74
phong kiến,feudal,37
phóng viên,reporter,59
quan trọng,important,75
quen thuộc,familiar,75
quyết định,decision,29
siêng năng,hard-working,41
sự bắt đầu,start,22
sự cố gắng,effort,26
sự giàu có,wealth,32
sự lịch sự,polite,60
tàu vũ trụ,spacecraft,59
tham nhũng,corruption,77
thân thiện,friendly,52
thần thoại,myth,52
thành công,success,26
thành tích,achievement,54
thành viên,member,59
thật không,really,36
thí nghiệm,experiment,42
thị trưởng,mayor,77
thị trường,market,77
thiên thần,angel,50
thiết giáp,armor,32
thổ nhĩ kỳ,Türkiye,78
thoả thuận,agreement,78
thời trang,fashion,56
thông minh,smart,78
thống nhất,unified,78
thức khuya,stay up late,78
thung lũng,valley,39
tình huống,situation,35
tổng thống,president,52
trận chiến,battle,25
trạng thái,status,79
trống đồng,copper drum,30
trống rỗng,empty,79
trực thăng,helicopter,50
trực tuyến,online,79
trừng phạt,punish,45
trung quốc,China,79
trung thực,honest,54
trường hợp,case,35
vinh quang,glory,46
xe cấp cứu,ambulance,24
xung quanh,around,46
bất lịch sự,impolite,60
bình thường,normal,54
bóng chuyền,volleyball,25
chấn thương,injury,54
chiến thắng,win,50
chiến thuật,tactics,65
chiến tranh,war,65
cho đến khi,until,28
chứng khoán,stock,36
chuồn chuồn,dragonfly,25
công nghiệp,industrial,42
cứ tự nhiên,just naturally,57
cuộc bầu cử,election,22
đa quốc gia,multinational,61
đại sứ quán,embassy,48
đồng nghiệp,colleague,42
giải thưởng,prize,54
hệ mặt trời,solar system,40
hẹn gặp lại,see you again,68
khoảng cách,distance,69
không có gì,nothing,26
khủng hoảng,crisis,34
kinh nghiệm,experience,42
mạng xã hội,social network,71
mối quan hệ,relationship,46
nghề nghiệp,career,42
nguyên nhân,reason,43
phòng khách,living room,74
phương pháp,method,45
quán cà phê,cafe,23
run lập cập,trembling,38
sự điều trị,treatment,28
sự đơn giản,simplicity,30
sự lựa chọn,option,39
sự phức tạp,complexity,46
sự thay đổi,change,51
tây ban nha,Spain,21
thiên đường,heaven,31
thiên nhiên,nature,44
thiên thạch,meteorite,50
thợ làm tóc,hairdresser,38
trách nhiệm,responsibility,44
trọng lượng,weight,40
truyện kiều,foreign stories,37
tuyên chiến,declare war,25
ứng cử viên,candidate,26
vịnh bắc bộ,Gulf of Tonkin,81
xanh lá cây,green,37
bác sĩ thú y,veterinarian,60
bài diễn văn,speech,28
bài kiểm tra,test,37
bóng bầu dục,rugby,22
chiều chuộng,coddle,25
chức vô địch,championship,59
chương trình,programme,65
cộng hoà séc,Czech Republic,34
đánh giá cao,appreciate,31
kiến trúc sư,architect,60
múa rối nước,water puppet,72
năm ánh sáng,light year,21
nền văn minh,civilization,58
ngay lập tức,right away,38
nghiêm trọng,serious,72
người tị nạn,refugee,72
nhà khoa học,scientist,36
nhà lãnh đạo,leader,38
nhà thiết kế,designer,73
nhà toán học,mathematician,56
niềm hy vọng,hope,73
quảng trường,square,75
sân vận động,stadium,58
sự kiên nhẫn,patience,37
sự phân tích,analysis,44
thẻ tín dụng,credit card,55
thường xuyên,frequent,78
tính thực tế,reality,54
toàn cầu hoá,globalization,60
trạm xe buýt,bus station,60
trụ sở chính,head office,48
trưởng thành,mature,50
truyền thống,traditional,52
truyền thông,media,52
tuyên truyền,propagate,80
xanh da trời,blue,27
bất bình đẳng,inequality,23
bất kỳ cái gì,whatever,37
buổi hoà nhạc,concert,34
chính trị gia,politician,56
chuyên nghiệp,professional,42
cơ sở hạ tầng,infrastructure,48
cuộc xung đột,conflict,66
diễn viên hài,comedian,59
đánh giá thấp,underwrite,31
không bao giờ,never,22
không phải là,is not,44
máy tính bảng,tablet,55
nhà triết học,philosopher,73
sao hải vương,Neptune,33
sự nghiêm túc,seriousness,42
sự thân thiện,friendliness,50
sự thành công,success,50
thiên niên kỷ,Millennium,44
thiên văn học,astronomy,58
thuyền trưởng,captain,78
tính nhân đạo,humanity,43
truyền thuyết,legend,80
vận động viên,athlete,30
viêm màng túi,membrane inflammation,40
ăn cháo đá bát,eat porridge and kick the bowl,63
cuộc phiêu lưu,adventure,45
cuộc phỏng vấn,interview,45
kính viễn vọng,telescope,59
nhà nghiên cứu,researcher,42
sao diêm vương,Pluto,28
thức trắng đêm,stay up all night,56
chế độ ăn kiêng,diet,29
cơ học lượng tử,quantum mechanics,60
huấn luyện viên,coach,68
khoai tây chiên,French fries,49
nghiên cứu sinh,graduate students,26
sao thiên vương,Uranus,52
thông dịch viên,interpreter,28
bài thuyết trình,presentation,63
công cụ tìm kiếm,search engine,26
phòng thí nghiệm,laboratory,51
người chiến thắng,winter,25
danh lam thắng cảnh,landscape,38
trường hợp khẩn cấp,emergency,35
trung tâm thương mại,shopping mall,49
